,Datetime,Close,High,Low,Open,Volume,Company,ticker
0,2024-12-26 14:30:00+00:00,258.9790954589844,259.19000244140625,258.1000061035156,258.9790954589844,1052265,Apple,AAPL
1,2024-12-26 14:31:00+00:00,259.3900146484375,259.6499938964844,258.8450012207031,258.889892578125,299504,Apple,AAPL
2,2024-12-26 14:32:00+00:00,259.7449951171875,259.8500061035156,259.3500061035156,259.4200134277344,285118,Apple,AAPL
3,2024-12-26 14:33:00+00:00,259.7650146484375,259.7744140625,259.6300048828125,259.7200012207031,270998,Apple,AAPL
4,2024-12-26 14:34:00+00:00,259.57000732421875,259.9700012207031,259.54998779296875,259.75,276536,Apple,AAPL
5,2024-12-26 14:35:00+00:00,259.42510986328125,259.6000061035156,259.2200012207031,259.531005859375,228295,Apple,AAPL
6,2024-12-26 14:36:00+00:00,259.239990234375,259.45001220703125,259.19000244140625,259.4307861328125,113352,Apple,AAPL
7,2024-12-26 14:37:00+00:00,259.739990234375,259.7699890136719,259.1700134277344,259.2099914550781,232115,Apple,AAPL
8,2024-12-26 14:38:00+00:00,259.9299011230469,259.9299011230469,259.5,259.7309875488281,145544,Apple,AAPL
9,2024-12-26 14:39:00+00:00,259.7452087402344,260.0899963378906,259.7099914550781,259.9100036621094,488018,Apple,AAPL
10,2024-12-26 14:40:00+00:00,259.5400085449219,259.75,259.5,259.7200012207031,162389,Apple,AAPL
11,2024-12-26 14:41:00+00:00,259.54998779296875,259.6997985839844,259.3944091796875,259.5249938964844,108537,Apple,AAPL
12,2024-12-26 14:42:00+00:00,259.5899963378906,259.7200012207031,259.4599914550781,259.55999755859375,94946,Apple,AAPL
13,2024-12-26 14:43:00+00:00,259.3796081542969,259.6799011230469,259.2699890136719,259.6199951171875,165232,Apple,AAPL
14,2024-12-26 14:44:00+00:00,259.3399963378906,259.44000244140625,259.260009765625,259.3800048828125,86076,Apple,AAPL
15,2024-12-26 14:45:00+00:00,259.20001220703125,259.3500061035156,259.0299987792969,259.3399963378906,113534,Apple,AAPL
16,2024-12-26 14:46:00+00:00,259.30999755859375,259.3599853515625,259.20001220703125,259.2268981933594,54543,Apple,AAPL
17,2024-12-26 14:47:00+00:00,258.9299011230469,259.2900085449219,258.8800964355469,259.2799987792969,180295,Apple,AAPL
18,2024-12-26 14:48:00+00:00,258.8299865722656,258.9418029785156,258.7699890136719,258.94000244140625,123537,Apple,AAPL
19,2024-12-26 14:49:00+00:00,258.6400146484375,258.8500061035156,258.6000061035156,258.82000732421875,138840,Apple,AAPL
20,2024-12-26 14:50:00+00:00,258.6709899902344,258.69000244140625,258.4700012207031,258.6700134277344,126795,Apple,AAPL
21,2024-12-26 14:51:00+00:00,258.635009765625,258.8360900878906,258.5799865722656,258.6600036621094,118798,Apple,AAPL
22,2024-12-26 14:52:00+00:00,258.4455871582031,258.6600036621094,258.3500061035156,258.6600036621094,156238,Apple,AAPL
23,2024-12-26 14:53:00+00:00,258.19000244140625,258.44989013671875,258.1199951171875,258.4200134277344,122447,Apple,AAPL
24,2024-12-26 14:54:00+00:00,258.0199890136719,258.2799072265625,258.0199890136719,258.18011474609375,127561,Apple,AAPL
25,2024-12-26 14:55:00+00:00,258.3800048828125,258.3898010253906,258.04998779296875,258.05999755859375,88171,Apple,AAPL
26,2024-12-26 14:56:00+00:00,258.5400085449219,258.6300048828125,258.3700866699219,258.3949890136719,115534,Apple,AAPL
27,2024-12-26 14:57:00+00:00,258.80999755859375,258.8800048828125,258.510009765625,258.54998779296875,111965,Apple,AAPL
28,2024-12-26 14:58:00+00:00,258.6400146484375,258.8500061035156,258.5799865722656,258.8399963378906,100324,Apple,AAPL
29,2024-12-26 14:59:00+00:00,258.7898864746094,258.8900146484375,258.626708984375,258.626708984375,69013,Apple,AAPL
30,2024-12-26 15:00:00+00:00,258.70001220703125,258.8299865722656,258.66009521484375,258.760009765625,61322,Apple,AAPL
31,2024-12-26 15:01:00+00:00,258.5101013183594,258.67999267578125,258.4200134277344,258.6600036621094,78582,Apple,AAPL
32,2024-12-26 15:02:00+00:00,258.489990234375,258.54998779296875,258.3999938964844,258.510009765625,71762,Apple,AAPL
33,2024-12-26 15:03:00+00:00,258.55999755859375,258.67498779296875,258.3999938964844,258.4700012207031,113412,Apple,AAPL
34,2024-12-26 15:04:00+00:00,258.614990234375,258.6700134277344,258.5199890136719,258.5799865722656,49348,Apple,AAPL
35,2024-12-26 15:05:00+00:00,258.55999755859375,258.8399963378906,258.5299987792969,258.6400146484375,64699,Apple,AAPL
36,2024-12-26 15:06:00+00:00,258.4100036621094,258.6400146484375,258.3500061035156,258.57000732421875,69521,Apple,AAPL
37,2024-12-26 15:07:00+00:00,258.489990234375,258.5447082519531,258.3999938964844,258.42401123046875,40091,Apple,AAPL
38,2024-12-26 15:08:00+00:00,258.4100036621094,258.49798583984375,258.3599853515625,258.49798583984375,69991,Apple,AAPL
39,2024-12-26 15:09:00+00:00,258.1747131347656,258.4700012207031,258.1600036621094,258.3999938964844,106514,Apple,AAPL
40,2024-12-26 15:10:00+00:00,258.2200012207031,258.42999267578125,258.1650085449219,258.1776123046875,110720,Apple,AAPL
41,2024-12-26 15:11:00+00:00,258.20001220703125,258.25,258.0899963378906,258.2099914550781,129807,Apple,AAPL
42,2024-12-26 15:12:00+00:00,258.06500244140625,258.2250061035156,258.0332946777344,258.19500732421875,96428,Apple,AAPL
43,2024-12-26 15:13:00+00:00,258.260009765625,258.2699890136719,257.95001220703125,258.0400085449219,102506,Apple,AAPL
44,2024-12-26 15:14:00+00:00,258.23858642578125,258.3399963378906,258.1600036621094,258.2449951171875,69822,Apple,AAPL
45,2024-12-26 15:15:00+00:00,258.1300048828125,258.2799987792969,258.05499267578125,258.2550048828125,67249,Apple,AAPL
46,2024-12-26 15:16:00+00:00,257.9901123046875,258.1499938964844,257.8999938964844,258.1003112792969,89869,Apple,AAPL
47,2024-12-26 15:17:00+00:00,258.0025939941406,258.05999755859375,257.92999267578125,258.010009765625,47196,Apple,AAPL
48,2024-12-26 15:18:00+00:00,257.93011474609375,258.0199890136719,257.8900146484375,258.0199890136719,49122,Apple,AAPL
49,2024-12-26 15:19:00+00:00,257.8800048828125,257.9501037597656,257.8500061035156,257.9399108886719,51191,Apple,AAPL
50,2024-12-26 15:20:00+00:00,257.7500915527344,257.889892578125,257.70001220703125,257.8800048828125,92890,Apple,AAPL
51,2024-12-26 15:21:00+00:00,257.8999938964844,257.8999938964844,257.6300048828125,257.760009765625,95658,Apple,AAPL
52,2024-12-26 15:22:00+00:00,258.0849914550781,258.1000061035156,257.8800048828125,257.8949890136719,98262,Apple,AAPL
53,2024-12-26 15:23:00+00:00,258.1600036621094,258.1600036621094,258.04998779296875,258.1000061035156,47721,Apple,AAPL
54,2024-12-26 15:24:00+00:00,258.1098937988281,258.2200012207031,258.0400085449219,258.1520080566406,61918,Apple,AAPL
55,2024-12-26 15:25:00+00:00,257.9700012207031,258.0856018066406,257.8299865722656,258.0799865722656,53396,Apple,AAPL
56,2024-12-26 15:26:00+00:00,258.1376037597656,258.1376037597656,257.92999267578125,257.9599914550781,81057,Apple,AAPL
57,2024-12-26 15:27:00+00:00,258.17999267578125,258.239990234375,258.0799865722656,258.1400146484375,61702,Apple,AAPL
58,2024-12-26 15:28:00+00:00,258.1600036621094,258.17999267578125,258.04998779296875,258.1499938964844,67666,Apple,AAPL
59,2024-12-26 15:29:00+00:00,258.3612060546875,258.3699951171875,258.1300048828125,258.1560974121094,80667,Apple,AAPL
60,2024-12-26 15:30:00+00:00,258.510009765625,258.5400085449219,258.32000732421875,258.364990234375,79279,Apple,AAPL
61,2024-12-26 15:31:00+00:00,258.5899963378906,258.6000061035156,258.4200134277344,258.510009765625,59331,Apple,AAPL
62,2024-12-26 15:32:00+00:00,258.6101989746094,258.6861877441406,258.5799865722656,258.5799865722656,66145,Apple,AAPL
63,2024-12-26 15:33:00+00:00,258.65301513671875,258.6899108886719,258.618896484375,258.6300048828125,40538,Apple,AAPL
64,2024-12-26 15:34:00+00:00,258.6099853515625,258.7851867675781,258.5950012207031,258.6650085449219,76630,Apple,AAPL
65,2024-12-26 15:35:00+00:00,258.45001220703125,258.614990234375,258.3699951171875,258.6026916503906,56156,Apple,AAPL
66,2024-12-26 15:36:00+00:00,258.5299987792969,258.5299987792969,258.3800048828125,258.45001220703125,26431,Apple,AAPL
67,2024-12-26 15:37:00+00:00,258.5400085449219,258.55999755859375,258.49859619140625,258.5199890136719,43392,Apple,AAPL
68,2024-12-26 15:38:00+00:00,258.5329895019531,258.5400085449219,258.4635009765625,258.5299987792969,33173,Apple,AAPL
69,2024-12-26 15:39:00+00:00,258.635009765625,258.6499938964844,258.4599914550781,258.5299987792969,35462,Apple,AAPL
70,2024-12-26 15:40:00+00:00,258.5400085449219,258.6499938964844,258.510009765625,258.6199951171875,32904,Apple,AAPL
71,2024-12-26 15:41:00+00:00,258.5299987792969,258.5299987792969,258.3699951171875,258.5285949707031,149525,Apple,AAPL
72,2024-12-26 15:42:00+00:00,258.5799865722656,258.6400146484375,258.4100036621094,258.5,60492,Apple,AAPL
73,2024-12-26 15:43:00+00:00,258.67010498046875,258.739990234375,258.5799865722656,258.5799865722656,37554,Apple,AAPL
74,2024-12-26 15:44:00+00:00,258.510009765625,258.7300109863281,258.5028076171875,258.67999267578125,45189,Apple,AAPL
75,2024-12-26 15:45:00+00:00,258.62750244140625,258.62750244140625,258.42999267578125,258.5,34199,Apple,AAPL
76,2024-12-26 15:46:00+00:00,258.6000061035156,258.6235046386719,258.5299987792969,258.6199951171875,30392,Apple,AAPL
77,2024-12-26 15:47:00+00:00,258.5763854980469,258.6050109863281,258.5400085449219,258.55999755859375,28304,Apple,AAPL
78,2024-12-26 15:48:00+00:00,258.31390380859375,258.57000732421875,258.29998779296875,258.57000732421875,70706,Apple,AAPL
79,2024-12-26 15:49:00+00:00,258.21990966796875,258.32989501953125,258.17999267578125,258.3251953125,36654,Apple,AAPL
80,2024-12-26 15:50:00+00:00,258.20001220703125,258.29998779296875,258.1986083984375,258.2049865722656,34088,Apple,AAPL
81,2024-12-26 15:51:00+00:00,258.34161376953125,258.3699951171875,258.1300048828125,258.2049865722656,51909,Apple,AAPL
82,2024-12-26 15:52:00+00:00,258.25,258.3699951171875,258.2301025390625,258.3450927734375,50470,Apple,AAPL
83,2024-12-26 15:53:00+00:00,258.30499267578125,258.31988525390625,258.1900939941406,258.25,33660,Apple,AAPL
84,2024-12-26 15:54:00+00:00,258.20599365234375,258.3140869140625,258.2049865722656,258.30499267578125,20685,Apple,AAPL
85,2024-12-26 15:55:00+00:00,258.17999267578125,258.2598876953125,258.1700134277344,258.2049865722656,46208,Apple,AAPL
86,2024-12-26 15:56:00+00:00,258.3310852050781,258.34991455078125,258.20001220703125,258.20001220703125,29569,Apple,AAPL
87,2024-12-26 15:57:00+00:00,258.3799133300781,258.4200134277344,258.3384094238281,258.3399963378906,35082,Apple,AAPL
88,2024-12-26 15:58:00+00:00,258.45001220703125,258.5400085449219,258.3662109375,258.3699951171875,76576,Apple,AAPL
89,2024-12-26 15:59:00+00:00,258.3550109863281,258.535888671875,258.2900085449219,258.5,38345,Apple,AAPL
90,2024-12-26 16:00:00+00:00,258.3599853515625,258.42999267578125,258.30999755859375,258.3699951171875,71324,Apple,AAPL
91,2024-12-26 16:01:00+00:00,258.52960205078125,258.55999755859375,258.3299865722656,258.3500061035156,39453,Apple,AAPL
92,2024-12-26 16:02:00+00:00,258.5450134277344,258.5799865722656,258.5000915527344,258.5199890136719,35271,Apple,AAPL
93,2024-12-26 16:03:00+00:00,258.3900146484375,258.54998779296875,258.3900146484375,258.54998779296875,37545,Apple,AAPL
94,2024-12-26 16:04:00+00:00,258.409912109375,258.44000244140625,258.3599853515625,258.3700866699219,24401,Apple,AAPL
95,2024-12-26 16:05:00+00:00,258.4849853515625,258.50799560546875,258.4049987792969,258.4049987792969,22601,Apple,AAPL
96,2024-12-26 16:06:00+00:00,258.5199890136719,258.54998779296875,258.3900146484375,258.4849853515625,31158,Apple,AAPL
97,2024-12-26 16:07:00+00:00,258.5150146484375,258.5400085449219,258.4800109863281,258.5274963378906,29170,Apple,AAPL
98,2024-12-26 16:08:00+00:00,258.5801086425781,258.6400146484375,258.5150146484375,258.5150146484375,53837,Apple,AAPL
99,2024-12-26 16:09:00+00:00,258.625,258.66400146484375,258.5557861328125,258.5899963378906,37437,Apple,AAPL
100,2024-12-26 16:10:00+00:00,258.67498779296875,258.8299865722656,258.6099853515625,258.625,87473,Apple,AAPL
101,2024-12-26 16:11:00+00:00,258.75,258.7799987792969,258.67498779296875,258.6799011230469,46902,Apple,AAPL
102,2024-12-26 16:12:00+00:00,258.81500244140625,258.81500244140625,258.7099914550781,258.7500915527344,58903,Apple,AAPL
103,2024-12-26 16:13:00+00:00,258.885009765625,258.8999938964844,258.7900085449219,258.80999755859375,63431,Apple,AAPL
104,2024-12-26 16:14:00+00:00,258.95880126953125,258.9700012207031,258.8757019042969,258.8999938964844,79127,Apple,AAPL
105,2024-12-26 16:15:00+00:00,259.0347900390625,259.0799865722656,258.9200134277344,258.92999267578125,102617,Apple,AAPL
106,2024-12-26 16:16:00+00:00,259.06500244140625,259.06500244140625,259.0,259.0299987792969,46746,Apple,AAPL
107,2024-12-26 16:17:00+00:00,259.0899963378906,259.1400146484375,259.0400085449219,259.05999755859375,52890,Apple,AAPL
108,2024-12-26 16:18:00+00:00,259.0899963378906,259.0950012207031,258.9599914550781,259.0799865722656,62583,Apple,AAPL
109,2024-12-26 16:19:00+00:00,259.1499938964844,259.19000244140625,259.07000732421875,259.07000732421875,68284,Apple,AAPL
110,2024-12-26 16:20:00+00:00,259.139892578125,259.1400146484375,259.010009765625,259.1400146484375,54686,Apple,AAPL
111,2024-12-26 16:21:00+00:00,259.0150146484375,259.14959716796875,258.95001220703125,259.1400146484375,58284,Apple,AAPL
112,2024-12-26 16:22:00+00:00,259.0870056152344,259.1000061035156,258.9649963378906,259.0150146484375,37662,Apple,AAPL
113,2024-12-26 16:23:00+00:00,259.0350036621094,259.1272888183594,259.0072937011719,259.07769775390625,33174,Apple,AAPL
114,2024-12-26 16:24:00+00:00,258.8399963378906,259.0400085449219,258.8399963378906,259.0249938964844,36561,Apple,AAPL
115,2024-12-26 16:25:00+00:00,258.849609375,258.9849853515625,258.8399963378906,258.8399963378906,42045,Apple,AAPL
116,2024-12-26 16:26:00+00:00,258.8380126953125,258.9197082519531,258.80999755859375,258.8500061035156,35550,Apple,AAPL
117,2024-12-26 16:27:00+00:00,258.82000732421875,258.8900146484375,258.82000732421875,258.8500061035156,28540,Apple,AAPL
118,2024-12-26 16:28:00+00:00,258.760009765625,258.88470458984375,258.75,258.84991455078125,29564,Apple,AAPL
119,2024-12-26 16:29:00+00:00,258.8800048828125,258.9100036621094,258.760009765625,258.760009765625,20262,Apple,AAPL
120,2024-12-26 16:30:00+00:00,258.9100036621094,258.9599914550781,258.85009765625,258.8900146484375,41364,Apple,AAPL
121,2024-12-26 16:31:00+00:00,259.0400085449219,259.0400085449219,258.864990234375,258.9200134277344,57481,Apple,AAPL
122,2024-12-26 16:32:00+00:00,258.92498779296875,259.05999755859375,258.9200134277344,259.0400085449219,29163,Apple,AAPL
123,2024-12-26 16:33:00+00:00,258.9700012207031,258.9700012207031,258.8900146484375,258.92999267578125,42468,Apple,AAPL
124,2024-12-26 16:34:00+00:00,258.95098876953125,258.9700012207031,258.94000244140625,258.9700012207031,23424,Apple,AAPL
125,2024-12-26 16:35:00+00:00,258.9100036621094,258.9800109863281,258.8800048828125,258.9599914550781,31816,Apple,AAPL
126,2024-12-26 16:36:00+00:00,258.8999938964844,258.9136962890625,258.864990234375,258.8999938964844,16351,Apple,AAPL
127,2024-12-26 16:37:00+00:00,258.9750061035156,259.010009765625,258.8800964355469,258.8900146484375,46621,Apple,AAPL
128,2024-12-26 16:38:00+00:00,258.9700012207031,259.04998779296875,258.9599914550781,258.97698974609375,37699,Apple,AAPL
129,2024-12-26 16:39:00+00:00,259.04998779296875,259.06500244140625,258.9601135253906,258.9700012207031,26429,Apple,AAPL
130,2024-12-26 16:40:00+00:00,259.0867919921875,259.1499938964844,259.0199890136719,259.0400085449219,47517,Apple,AAPL
131,2024-12-26 16:41:00+00:00,259.1099853515625,259.1282043457031,259.0400085449219,259.0899963378906,28578,Apple,AAPL
132,2024-12-26 16:42:00+00:00,259.1297912597656,259.1400146484375,259.05999755859375,259.1000061035156,29651,Apple,AAPL
133,2024-12-26 16:43:00+00:00,259.09600830078125,259.1700134277344,259.0799865722656,259.1239929199219,50981,Apple,AAPL
134,2024-12-26 16:44:00+00:00,259.2200012207031,259.2300109863281,259.114990234375,259.114990234375,41826,Apple,AAPL
135,2024-12-26 16:45:00+00:00,259.1099853515625,259.2099914550781,259.0899963378906,259.2099914550781,24909,Apple,AAPL
136,2024-12-26 16:46:00+00:00,259.1199951171875,259.1300048828125,259.1199951171875,259.1199951171875,2492,Apple,AAPL
137,2024-12-26 16:47:00+00:00,259.1700134277344,259.1799011230469,259.13800048828125,259.1700134277344,38136,Apple,AAPL
138,2024-12-26 16:48:00+00:00,259.1000061035156,259.1686096191406,259.0600891113281,259.1600036621094,66977,Apple,AAPL
139,2024-12-26 16:50:00+00:00,259.0899963378906,259.1455993652344,259.0799865722656,259.1339111328125,70274,Apple,AAPL
140,2024-12-26 16:51:00+00:00,259.1499938964844,259.159912109375,259.0101013183594,259.090087890625,38121,Apple,AAPL
141,2024-12-26 16:52:00+00:00,259.0799865722656,259.1400146484375,259.0765075683594,259.1300048828125,19215,Apple,AAPL
142,2024-12-26 16:53:00+00:00,258.9649963378906,259.1400146484375,258.92999267578125,259.08990478515625,49657,Apple,AAPL
143,2024-12-26 16:54:00+00:00,259.0050048828125,259.0347900390625,258.934814453125,258.9599914550781,25351,Apple,AAPL
144,2024-12-26 16:55:00+00:00,259.07000732421875,259.1199951171875,259.010009765625,259.010009765625,37228,Apple,AAPL
145,2024-12-26 16:56:00+00:00,258.9938049316406,259.0899963378906,258.9938049316406,259.0450134277344,37168,Apple,AAPL
146,2024-12-26 16:57:00+00:00,258.8999938964844,259.010009765625,258.8800048828125,259.010009765625,43696,Apple,AAPL
147,2024-12-26 16:58:00+00:00,258.889892578125,258.92919921875,258.82000732421875,258.8999938964844,26442,Apple,AAPL
148,2024-12-26 16:59:00+00:00,258.8900146484375,258.92999267578125,258.8699951171875,258.8949890136719,16933,Apple,AAPL
149,2024-12-26 17:00:00+00:00,258.99578857421875,259.0271911621094,258.875,258.8904113769531,32930,Apple,AAPL
150,2024-12-26 17:01:00+00:00,259.0299987792969,259.0354919433594,258.98980712890625,259.0,29572,Apple,AAPL
151,2024-12-26 17:02:00+00:00,259.0299987792969,259.1000061035156,259.0,259.0299987792969,31119,Apple,AAPL
152,2024-12-26 17:03:00+00:00,259.0199890136719,259.05999755859375,258.9700927734375,259.0199890136719,22689,Apple,AAPL
153,2024-12-26 17:04:00+00:00,258.9750061035156,259.0,258.9599914550781,259.0,16130,Apple,AAPL
154,2024-12-26 17:05:00+00:00,258.989990234375,259.0098876953125,258.9700012207031,258.9800109863281,20312,Apple,AAPL
155,2024-12-26 17:06:00+00:00,259.05999755859375,259.05999755859375,259.0,259.0,22814,Apple,AAPL
156,2024-12-26 17:07:00+00:00,259.03009033203125,259.07000732421875,259.03009033203125,259.06500244140625,23573,Apple,AAPL
157,2024-12-26 17:08:00+00:00,259.07501220703125,259.1199951171875,259.0299987792969,259.0450134277344,40371,Apple,AAPL
158,2024-12-26 17:09:00+00:00,259.0,259.0899963378906,258.9901123046875,259.05999755859375,23409,Apple,AAPL
159,2024-12-26 17:10:00+00:00,259.0899963378906,259.1099853515625,259.0199890136719,259.0299987792969,18696,Apple,AAPL
160,2024-12-26 17:11:00+00:00,259.09100341796875,259.1000061035156,259.04998779296875,259.0801086425781,19963,Apple,AAPL
161,2024-12-26 17:12:00+00:00,259.1700134277344,259.1700134277344,259.0899963378906,259.0932922363281,26978,Apple,AAPL
162,2024-12-26 17:13:00+00:00,259.0899963378906,259.1700134277344,259.0849914550781,259.1687927246094,22455,Apple,AAPL
163,2024-12-26 17:14:00+00:00,259.2099914550781,259.223388671875,259.0899963378906,259.1000061035156,28998,Apple,AAPL
164,2024-12-26 17:15:00+00:00,259.3399963378906,259.3399963378906,259.20001220703125,259.2099914550781,63853,Apple,AAPL
165,2024-12-26 17:16:00+00:00,259.1090087890625,259.33990478515625,259.0899963378906,259.3299865722656,42002,Apple,AAPL
166,2024-12-26 17:17:00+00:00,259.20001220703125,259.260009765625,259.010009765625,259.1600036621094,149646,Apple,AAPL
167,2024-12-26 17:18:00+00:00,259.2200012207031,259.30999755859375,259.1780090332031,259.2323913574219,19376,Apple,AAPL
168,2024-12-26 17:19:00+00:00,259.2799987792969,259.30999755859375,259.20001220703125,259.2088928222656,25135,Apple,AAPL
169,2024-12-26 17:20:00+00:00,259.19000244140625,259.2547912597656,259.18951416015625,259.2547912597656,18970,Apple,AAPL
170,2024-12-26 17:21:00+00:00,259.2799072265625,259.29998779296875,259.19000244140625,259.19000244140625,30619,Apple,AAPL
171,2024-12-26 17:22:00+00:00,259.2698974609375,259.2900085449219,259.25,259.2684020996094,14803,Apple,AAPL
172,2024-12-26 17:23:00+00:00,259.260009765625,259.2900085449219,259.25,259.260009765625,25419,Apple,AAPL
173,2024-12-26 17:24:00+00:00,259.2499084472656,259.30999755859375,259.2349853515625,259.2799987792969,29818,Apple,AAPL
174,2024-12-26 17:25:00+00:00,259.1499938964844,259.24700927734375,259.1400146484375,259.2300109863281,20506,Apple,AAPL
175,2024-12-26 17:26:00+00:00,259.2099914550781,259.2099914550781,259.1000061035156,259.1400146484375,25444,Apple,AAPL
176,2024-12-26 17:27:00+00:00,259.0559997558594,259.2099914550781,259.0559997558594,259.20001220703125,27331,Apple,AAPL
177,2024-12-26 17:28:00+00:00,259.05999755859375,259.1400146484375,259.04010009765625,259.05999755859375,26308,Apple,AAPL
178,2024-12-26 17:29:00+00:00,258.9849853515625,259.1199951171875,258.9700012207031,259.07000732421875,42004,Apple,AAPL
179,2024-12-26 17:30:00+00:00,259.05999755859375,259.0846862792969,258.9880065917969,258.9880065917969,27926,Apple,AAPL
180,2024-12-26 17:31:00+00:00,259.0150146484375,259.0465087890625,258.9700012207031,259.0465087890625,25194,Apple,AAPL
181,2024-12-26 17:32:00+00:00,259.03009033203125,259.0943908691406,259.010009765625,259.0199890136719,23016,Apple,AAPL
182,2024-12-26 17:33:00+00:00,259.1499938964844,259.1600036621094,259.0101013183594,259.04998779296875,35718,Apple,AAPL
183,2024-12-26 17:34:00+00:00,259.260986328125,259.260986328125,259.135009765625,259.1499938964844,26322,Apple,AAPL
184,2024-12-26 17:35:00+00:00,259.25,259.29998779296875,259.2349853515625,259.25,21972,Apple,AAPL
185,2024-12-26 17:36:00+00:00,259.2950134277344,259.30999755859375,259.2300109863281,259.239990234375,26390,Apple,AAPL
186,2024-12-26 17:37:00+00:00,259.3092956542969,259.32501220703125,259.2101135253906,259.2799987792969,38448,Apple,AAPL
187,2024-12-26 17:38:00+00:00,259.17999267578125,259.32000732421875,259.17999267578125,259.2909851074219,41602,Apple,AAPL
188,2024-12-26 17:39:00+00:00,259.2300109863281,259.2300109863281,259.1700134277344,259.19000244140625,13103,Apple,AAPL
189,2024-12-26 17:40:00+00:00,259.2550048828125,259.28680419921875,259.20001220703125,259.2099914550781,26541,Apple,AAPL
190,2024-12-26 17:41:00+00:00,259.2799987792969,259.29998779296875,259.2300109863281,259.260009765625,18262,Apple,AAPL
191,2024-12-26 17:42:00+00:00,259.17999267578125,259.2799987792969,259.1600036621094,259.2749938964844,38330,Apple,AAPL
192,2024-12-26 17:43:00+00:00,259.1700134277344,259.2337951660156,259.1600036621094,259.17999267578125,22303,Apple,AAPL
193,2024-12-26 17:44:00+00:00,259.1346130371094,259.19500732421875,259.1099853515625,259.1700134277344,22221,Apple,AAPL
194,2024-12-26 17:45:00+00:00,259.1449890136719,259.1835021972656,259.1400146484375,259.1650085449219,22301,Apple,AAPL
195,2024-12-26 17:46:00+00:00,259.0,259.1650085449219,259.0,259.1449890136719,57846,Apple,AAPL
196,2024-12-26 17:47:00+00:00,258.75140380859375,259.0199890136719,258.75,258.9800109863281,34458,Apple,AAPL
197,2024-12-26 17:48:00+00:00,258.6700134277344,258.810302734375,258.57000732421875,258.760009765625,67689,Apple,AAPL
198,2024-12-26 17:49:00+00:00,258.7749938964844,258.7900085449219,258.6600036621094,258.67999267578125,39050,Apple,AAPL
199,2024-12-26 17:50:00+00:00,258.7001037597656,258.8399963378906,258.69000244140625,258.7699890136719,26508,Apple,AAPL
200,2024-12-26 17:51:00+00:00,258.7349853515625,258.7521057128906,258.6600036621094,258.69000244140625,48429,Apple,AAPL
201,2024-12-26 17:52:00+00:00,258.82000732421875,258.8493957519531,258.739990234375,258.739990234375,27515,Apple,AAPL
202,2024-12-26 17:53:00+00:00,258.9549865722656,258.9679870605469,258.8299865722656,258.8299865722656,58707,Apple,AAPL
203,2024-12-26 17:54:00+00:00,258.9150085449219,258.9847106933594,258.8599853515625,258.95001220703125,29525,Apple,AAPL
204,2024-12-26 17:55:00+00:00,258.95001220703125,259.0899963378906,258.92999267578125,258.92999267578125,63845,Apple,AAPL
205,2024-12-26 17:56:00+00:00,258.9410095214844,258.989990234375,258.9118957519531,258.9800109863281,20327,Apple,AAPL
206,2024-12-26 17:57:00+00:00,258.7950134277344,258.94500732421875,258.7950134277344,258.94500732421875,22734,Apple,AAPL
207,2024-12-26 17:58:00+00:00,258.8420104980469,258.8830871582031,258.7099914550781,258.7699890136719,24832,Apple,AAPL
208,2024-12-26 17:59:00+00:00,258.8500061035156,258.8800048828125,258.79998779296875,258.8399963378906,33052,Apple,AAPL
209,2024-12-26 18:00:00+00:00,258.8699951171875,258.92999267578125,258.843994140625,258.843994140625,15384,Apple,AAPL
210,2024-12-26 18:01:00+00:00,258.8999938964844,258.95001220703125,258.8699951171875,258.8699951171875,36435,Apple,AAPL
211,2024-12-26 18:02:00+00:00,259.0050048828125,259.05999755859375,258.9049987792969,258.9049987792969,39438,Apple,AAPL
212,2024-12-26 18:03:00+00:00,258.9800109863281,259.0299987792969,258.9599914550781,258.9800109863281,25958,Apple,AAPL
213,2024-12-26 18:04:00+00:00,258.8800048828125,258.9949951171875,258.8550109863281,258.9949951171875,30809,Apple,AAPL
214,2024-12-26 18:05:00+00:00,258.8399963378906,258.95001220703125,258.8055114746094,258.92999267578125,31110,Apple,AAPL
215,2024-12-26 18:06:00+00:00,258.9049987792969,258.9200134277344,258.8399963378906,258.8500061035156,26939,Apple,AAPL
216,2024-12-26 18:07:00+00:00,258.8586120605469,258.95001220703125,258.82000732421875,258.9100036621094,26659,Apple,AAPL
217,2024-12-26 18:08:00+00:00,258.8399963378906,258.864990234375,258.75,258.8599853515625,81220,Apple,AAPL
218,2024-12-26 18:09:00+00:00,258.8800048828125,258.9100036621094,258.8299865722656,258.8384094238281,23357,Apple,AAPL
219,2024-12-26 18:10:00+00:00,258.7799987792969,258.9200134277344,258.760009765625,258.8900146484375,24851,Apple,AAPL
220,2024-12-26 18:11:00+00:00,258.6600036621094,258.7900085449219,258.6600036621094,258.7699890136719,64541,Apple,AAPL
221,2024-12-26 18:12:00+00:00,258.7099914550781,258.7464904785156,258.6499938964844,258.6600036621094,30516,Apple,AAPL
222,2024-12-26 18:13:00+00:00,258.760009765625,258.8399963378906,258.66009521484375,258.7200012207031,49265,Apple,AAPL
223,2024-12-26 18:14:00+00:00,258.7099914550781,258.7799987792969,258.67999267578125,258.75,19898,Apple,AAPL
224,2024-12-26 18:15:00+00:00,258.7550048828125,258.79998779296875,258.6600036621094,258.69000244140625,59999,Apple,AAPL
225,2024-12-26 18:16:00+00:00,258.7546081542969,258.80999755859375,258.7349853515625,258.7442932128906,24753,Apple,AAPL
226,2024-12-26 18:17:00+00:00,258.82000732421875,258.8800048828125,258.8042907714844,258.80999755859375,24672,Apple,AAPL
227,2024-12-26 18:18:00+00:00,258.8301086425781,258.8699035644531,258.79998779296875,258.80999755859375,21352,Apple,AAPL
228,2024-12-26 18:19:00+00:00,258.8999938964844,258.94000244140625,258.8399963378906,258.8500061035156,21968,Apple,AAPL
229,2024-12-26 18:20:00+00:00,258.8840026855469,258.909912109375,258.8349914550781,258.8999938964844,24381,Apple,AAPL
230,2024-12-26 18:21:00+00:00,258.75,258.8800048828125,258.7300109863281,258.8800048828125,18599,Apple,AAPL
231,2024-12-26 18:22:00+00:00,258.7349853515625,258.78509521484375,258.7099914550781,258.7550048828125,13298,Apple,AAPL
232,2024-12-26 18:23:00+00:00,258.67999267578125,258.760009765625,258.6700134277344,258.7300109863281,20703,Apple,AAPL
233,2024-12-26 18:24:00+00:00,258.760009765625,258.760009765625,258.6700134277344,258.67999267578125,22931,Apple,AAPL
234,2024-12-26 18:25:00+00:00,258.760009765625,258.8399963378906,258.760009765625,258.79998779296875,21008,Apple,AAPL
235,2024-12-26 18:26:00+00:00,258.7799987792969,258.83990478515625,258.7650146484375,258.7650146484375,9730,Apple,AAPL
236,2024-12-26 18:27:00+00:00,258.7998962402344,258.79998779296875,258.760009765625,258.7900085449219,26152,Apple,AAPL
237,2024-12-26 18:28:00+00:00,258.82000732421875,258.8800048828125,258.7799987792969,258.79998779296875,22423,Apple,AAPL
238,2024-12-26 18:29:00+00:00,258.81890869140625,258.8800048828125,258.80999755859375,258.8500061035156,14510,Apple,AAPL
239,2024-12-26 18:30:00+00:00,258.7699890136719,258.80999755859375,258.7085876464844,258.80999755859375,20051,Apple,AAPL
240,2024-12-26 18:31:00+00:00,258.6899108886719,258.79998779296875,258.67999267578125,258.7699890136719,23933,Apple,AAPL
241,2024-12-26 18:32:00+00:00,258.75,258.7799987792969,258.6700134277344,258.6700134277344,33985,Apple,AAPL
242,2024-12-26 18:33:00+00:00,258.73590087890625,258.77801513671875,258.7300109863281,258.75,22805,Apple,AAPL
243,2024-12-26 18:34:00+00:00,258.6300048828125,258.7200012207031,258.6000061035156,258.7200012207031,55610,Apple,AAPL
244,2024-12-26 18:35:00+00:00,258.7601013183594,258.7799987792969,258.6300048828125,258.6400146484375,14307,Apple,AAPL
245,2024-12-26 18:36:00+00:00,258.614990234375,258.764404296875,258.61029052734375,258.764404296875,15922,Apple,AAPL
246,2024-12-26 18:37:00+00:00,258.677001953125,258.677001953125,258.6000061035156,258.614990234375,13565,Apple,AAPL
247,2024-12-26 18:38:00+00:00,258.739990234375,258.739990234375,258.6000061035156,258.6499938964844,12541,Apple,AAPL
248,2024-12-26 18:39:00+00:00,258.7825012207031,258.80999755859375,258.739990234375,258.739990234375,22472,Apple,AAPL
249,2024-12-26 18:40:00+00:00,258.7799987792969,258.80999755859375,258.7688903808594,258.7799987792969,18461,Apple,AAPL
250,2024-12-26 18:41:00+00:00,258.8299865722656,258.8349914550781,258.7749938964844,258.7749938964844,27618,Apple,AAPL
251,2024-12-26 18:42:00+00:00,258.7539978027344,258.8399963378906,258.7539978027344,258.8399963378906,33023,Apple,AAPL
252,2024-12-26 18:43:00+00:00,258.6700134277344,258.8138122558594,258.6700134277344,258.7699890136719,34399,Apple,AAPL
253,2024-12-26 18:44:00+00:00,258.75,258.7699890136719,258.5799865722656,258.6600036621094,45920,Apple,AAPL
254,2024-12-26 18:45:00+00:00,258.7475891113281,258.7900085449219,258.7099914550781,258.7449951171875,18510,Apple,AAPL
255,2024-12-26 18:46:00+00:00,258.864990234375,258.8900146484375,258.7200927734375,258.75,29136,Apple,AAPL
256,2024-12-26 18:47:00+00:00,258.7799987792969,258.8900146484375,258.7699890136719,258.8500061035156,14216,Apple,AAPL
257,2024-12-26 18:48:00+00:00,258.8599853515625,258.885009765625,258.7875061035156,258.7900085449219,11748,Apple,AAPL
258,2024-12-26 18:49:00+00:00,258.8599853515625,258.94891357421875,258.8599853515625,258.8800048828125,21191,Apple,AAPL
259,2024-12-26 18:50:00+00:00,258.82000732421875,258.8599853515625,258.7699890136719,258.8587951660156,16127,Apple,AAPL
260,2024-12-26 18:51:00+00:00,258.739990234375,258.82501220703125,258.69000244140625,258.82501220703125,28219,Apple,AAPL
261,2024-12-26 18:52:00+00:00,258.7200012207031,258.781494140625,258.7200012207031,258.781494140625,20164,Apple,AAPL
262,2024-12-26 18:53:00+00:00,258.7250061035156,258.7410888671875,258.7049865722656,258.7149963378906,15802,Apple,AAPL
263,2024-12-26 18:54:00+00:00,258.7250061035156,258.76580810546875,258.7080078125,258.7300109863281,24395,Apple,AAPL
264,2024-12-26 18:55:00+00:00,258.6900939941406,258.7388916015625,258.6600036621094,258.71990966796875,23415,Apple,AAPL
265,2024-12-26 18:56:00+00:00,258.5899963378906,258.69000244140625,258.5899963378906,258.68011474609375,25219,Apple,AAPL
266,2024-12-26 18:57:00+00:00,258.4800109863281,258.6300048828125,258.4700012207031,258.5899963378906,75019,Apple,AAPL
267,2024-12-26 18:58:00+00:00,258.4700012207031,258.52740478515625,258.4599914550781,258.4800109863281,24449,Apple,AAPL
268,2024-12-26 18:59:00+00:00,258.6499938964844,258.6499938964844,258.46038818359375,258.4700012207031,30325,Apple,AAPL
269,2024-12-26 19:00:00+00:00,258.5840148925781,258.6700134277344,258.5799865722656,258.6199951171875,17241,Apple,AAPL
270,2024-12-26 19:01:00+00:00,258.67498779296875,258.69000244140625,258.5899963378906,258.5899963378906,28179,Apple,AAPL
271,2024-12-26 19:02:00+00:00,258.614990234375,258.6700134277344,258.5899963378906,258.6300048828125,15710,Apple,AAPL
272,2024-12-26 19:03:00+00:00,258.6300048828125,258.6499938964844,258.5700988769531,258.5950012207031,26718,Apple,AAPL
273,2024-12-26 19:04:00+00:00,258.6600036621094,258.6600036621094,258.625,258.625,26807,Apple,AAPL
274,2024-12-26 19:05:00+00:00,258.5799865722656,258.6499938964844,258.5400085449219,258.6499938964844,22335,Apple,AAPL
275,2024-12-26 19:06:00+00:00,258.5199890136719,258.614990234375,258.5,258.6000061035156,20849,Apple,AAPL
276,2024-12-26 19:07:00+00:00,258.5199890136719,258.55999755859375,258.42999267578125,258.55999755859375,31460,Apple,AAPL
277,2024-12-26 19:08:00+00:00,258.4700012207031,258.55999755859375,258.4700012207031,258.5199890136719,20122,Apple,AAPL
278,2024-12-26 19:09:00+00:00,258.5899963378906,258.6300048828125,258.4800109863281,258.4800109863281,28517,Apple,AAPL
279,2024-12-26 19:10:00+00:00,258.5799865722656,258.6000061035156,258.5400085449219,258.5799865722656,15194,Apple,AAPL
280,2024-12-26 19:11:00+00:00,258.6299133300781,258.67999267578125,258.5400085449219,258.6199951171875,32268,Apple,AAPL
281,2024-12-26 19:12:00+00:00,258.6300048828125,258.70001220703125,258.6099853515625,258.6260070800781,26635,Apple,AAPL
282,2024-12-26 19:13:00+00:00,258.5799865722656,258.6499938964844,258.5299987792969,258.6400146484375,18378,Apple,AAPL
283,2024-12-26 19:14:00+00:00,258.4800109863281,258.57000732421875,258.4599914550781,258.57000732421875,15883,Apple,AAPL
284,2024-12-26 19:15:00+00:00,258.4800109863281,258.5398864746094,258.4599914550781,258.5,27157,Apple,AAPL
285,2024-12-26 19:16:00+00:00,258.5799865722656,258.5799865722656,258.47198486328125,258.4798889160156,29624,Apple,AAPL
286,2024-12-26 19:17:00+00:00,258.6199951171875,258.6300048828125,258.5700988769531,258.5849914550781,20435,Apple,AAPL
287,2024-12-26 19:18:00+00:00,258.55999755859375,258.6199951171875,258.5249938964844,258.6199951171875,17008,Apple,AAPL
288,2024-12-26 19:19:00+00:00,258.5299987792969,258.55999755859375,258.5000915527344,258.55999755859375,13094,Apple,AAPL
289,2024-12-26 19:20:00+00:00,258.4206848144531,258.5299987792969,258.4206848144531,258.510009765625,30282,Apple,AAPL
290,2024-12-26 19:21:00+00:00,258.4750061035156,258.489990234375,258.4100036621094,258.43499755859375,53301,Apple,AAPL
291,2024-12-26 19:22:00+00:00,258.6099853515625,258.6099853515625,258.4700012207031,258.4750061035156,36353,Apple,AAPL
292,2024-12-26 19:23:00+00:00,258.55010986328125,258.5950012207031,258.54998779296875,258.5950012207031,17792,Apple,AAPL
293,2024-12-26 19:24:00+00:00,258.5899963378906,258.6400146484375,258.54998779296875,258.5537109375,26865,Apple,AAPL
294,2024-12-26 19:25:00+00:00,258.5899963378906,258.614990234375,258.5299987792969,258.5799865722656,22346,Apple,AAPL
295,2024-12-26 19:26:00+00:00,258.6300048828125,258.6600036621094,258.5899963378906,258.6099853515625,23248,Apple,AAPL
296,2024-12-26 19:27:00+00:00,258.6499938964844,258.6600036621094,258.6099853515625,258.6300048828125,20218,Apple,AAPL
297,2024-12-26 19:28:00+00:00,258.6449890136719,258.6698913574219,258.5849914550781,258.6449890136719,35450,Apple,AAPL
298,2024-12-26 19:29:00+00:00,258.6000061035156,258.6650085449219,258.57000732421875,258.6499938964844,40066,Apple,AAPL
299,2024-12-26 19:30:00+00:00,258.67449951171875,258.7099914550781,258.5899963378906,258.6099853515625,42893,Apple,AAPL
300,2024-12-26 19:31:00+00:00,258.6199951171875,258.7099914550781,258.5899963378906,258.70001220703125,31423,Apple,AAPL
301,2024-12-26 19:32:00+00:00,258.6449890136719,258.7049865722656,258.6300048828125,258.6300048828125,40514,Apple,AAPL
302,2024-12-26 19:33:00+00:00,258.7200012207031,258.7449951171875,258.6400146484375,258.6400146484375,35544,Apple,AAPL
303,2024-12-26 19:34:00+00:00,258.6205139160156,258.7300109863281,258.6000061035156,258.7149963378906,34931,Apple,AAPL
304,2024-12-26 19:35:00+00:00,258.6787109375,258.69000244140625,258.6000061035156,258.6449890136719,27772,Apple,AAPL
305,2024-12-26 19:36:00+00:00,258.67999267578125,258.69000244140625,258.6412048339844,258.6700134277344,16112,Apple,AAPL
306,2024-12-26 19:37:00+00:00,258.6499938964844,258.70001220703125,258.6499938964844,258.6600036621094,16930,Apple,AAPL
307,2024-12-26 19:38:00+00:00,258.6600036621094,258.7499084472656,258.6499938964844,258.659912109375,34766,Apple,AAPL
308,2024-12-26 19:39:00+00:00,258.7300109863281,258.7489013671875,258.6600036621094,258.6600036621094,23055,Apple,AAPL
309,2024-12-26 19:40:00+00:00,258.75,258.7768859863281,258.69000244140625,258.739990234375,39360,Apple,AAPL
310,2024-12-26 19:41:00+00:00,258.7950134277344,258.8399963378906,258.7200012207031,258.739990234375,43168,Apple,AAPL
311,2024-12-26 19:42:00+00:00,258.82000732421875,258.8299865722656,258.7900085449219,258.79998779296875,38432,Apple,AAPL
312,2024-12-26 19:43:00+00:00,258.881103515625,258.8900146484375,258.82000732421875,258.82501220703125,28281,Apple,AAPL
313,2024-12-26 19:44:00+00:00,258.8059997558594,258.9100036621094,258.8059997558594,258.8599853515625,25803,Apple,AAPL
314,2024-12-26 19:45:00+00:00,258.8800048828125,258.8888854980469,258.82000732421875,258.82000732421875,20103,Apple,AAPL
315,2024-12-26 19:46:00+00:00,258.8800048828125,258.9100036621094,258.84210205078125,258.8608093261719,17206,Apple,AAPL
316,2024-12-26 19:47:00+00:00,258.92999267578125,258.95001220703125,258.885009765625,258.8900146484375,28892,Apple,AAPL
317,2024-12-26 19:48:00+00:00,258.9200134277344,258.95001220703125,258.8599853515625,258.95001220703125,36045,Apple,AAPL
318,2024-12-26 19:49:00+00:00,258.8800048828125,258.94000244140625,258.8800048828125,258.9100036621094,25400,Apple,AAPL
319,2024-12-26 19:50:00+00:00,258.94000244140625,258.97979736328125,258.875,258.875,25248,Apple,AAPL
320,2024-12-26 19:51:00+00:00,258.9599914550781,258.9599914550781,258.8999938964844,258.92999267578125,23203,Apple,AAPL
321,2024-12-26 19:52:00+00:00,258.92999267578125,258.9700012207031,258.9200134277344,258.95599365234375,36010,Apple,AAPL
322,2024-12-26 19:53:00+00:00,258.9700012207031,258.9800109863281,258.92999267578125,258.92999267578125,15557,Apple,AAPL
323,2024-12-26 19:54:00+00:00,259.0299987792969,259.03741455078125,258.9800109863281,258.9800109863281,52556,Apple,AAPL
324,2024-12-26 19:55:00+00:00,259.0101013183594,259.0400085449219,258.9800109863281,259.010009765625,29801,Apple,AAPL
325,2024-12-26 19:56:00+00:00,259.0559997558594,259.0559997558594,259.0000915527344,259.0199890136719,29880,Apple,AAPL
326,2024-12-26 19:57:00+00:00,259.0513916015625,259.0899963378906,259.0400085449219,259.04998779296875,34014,Apple,AAPL
327,2024-12-26 19:58:00+00:00,259.07000732421875,259.07000732421875,259.0400085449219,259.05999755859375,39028,Apple,AAPL
328,2024-12-26 19:59:00+00:00,259.0849914550781,259.1000061035156,259.0400085449219,259.07000732421875,40692,Apple,AAPL
329,2024-12-26 20:00:00+00:00,259.135986328125,259.1499938964844,259.07000732421875,259.0849914550781,31977,Apple,AAPL
330,2024-12-26 20:01:00+00:00,259.1687927246094,259.2090148925781,259.1199951171875,259.1199951171875,76722,Apple,AAPL
331,2024-12-26 20:02:00+00:00,259.2099914550781,259.2698974609375,259.15008544921875,259.1615905761719,112232,Apple,AAPL
332,2024-12-26 20:03:00+00:00,259.28009033203125,259.2900085449219,259.2099914550781,259.2200012207031,44534,Apple,AAPL
333,2024-12-26 20:04:00+00:00,259.2710876464844,259.2900085449219,259.2101135253906,259.2799987792969,37843,Apple,AAPL
334,2024-12-26 20:05:00+00:00,259.2699890136719,259.3399963378906,259.2200012207031,259.2749938964844,42668,Apple,AAPL
335,2024-12-26 20:06:00+00:00,259.28900146484375,259.2900085449219,259.25,259.2699890136719,58490,Apple,AAPL
336,2024-12-26 20:07:00+00:00,259.3275146484375,259.36761474609375,259.2799987792969,259.2900085449219,75735,Apple,AAPL
337,2024-12-26 20:08:00+00:00,259.4399108886719,259.4399108886719,259.2850036621094,259.32861328125,70084,Apple,AAPL
338,2024-12-26 20:09:00+00:00,259.3699951171875,259.4700012207031,259.3599853515625,259.4200134277344,64612,Apple,AAPL
339,2024-12-26 20:10:00+00:00,259.30999755859375,259.3699035644531,259.2699890136719,259.3599853515625,47670,Apple,AAPL
340,2024-12-26 20:11:00+00:00,259.2705078125,259.32000732421875,259.2699890136719,259.3019104003906,39948,Apple,AAPL
341,2024-12-26 20:12:00+00:00,259.3699951171875,259.37908935546875,259.2699890136719,259.2749938964844,47165,Apple,AAPL
342,2024-12-26 20:13:00+00:00,259.3301086425781,259.3800048828125,259.3203125,259.3699951171875,31442,Apple,AAPL
343,2024-12-26 20:14:00+00:00,259.2900085449219,259.3298034667969,259.25,259.3298034667969,43418,Apple,AAPL
344,2024-12-26 20:15:00+00:00,259.3500061035156,259.3511047363281,259.29998779296875,259.3106994628906,34994,Apple,AAPL
345,2024-12-26 20:16:00+00:00,259.30999755859375,259.3800048828125,259.2900085449219,259.34991455078125,36125,Apple,AAPL
346,2024-12-26 20:17:00+00:00,259.3106994628906,259.3299865722656,259.2900085449219,259.30999755859375,22939,Apple,AAPL
347,2024-12-26 20:18:00+00:00,259.32501220703125,259.3299865722656,259.28009033203125,259.32000732421875,28683,Apple,AAPL
348,2024-12-26 20:19:00+00:00,259.3450012207031,259.36761474609375,259.32000732421875,259.3299865722656,43154,Apple,AAPL
349,2024-12-26 20:20:00+00:00,259.3399963378906,259.3882141113281,259.30999755859375,259.3500061035156,30560,Apple,AAPL
350,2024-12-26 20:21:00+00:00,259.3299865722656,259.3599853515625,259.30999755859375,259.3399963378906,28236,Apple,AAPL
351,2024-12-26 20:22:00+00:00,259.3299865722656,259.3537902832031,259.32000732421875,259.3450012207031,24420,Apple,AAPL
352,2024-12-26 20:23:00+00:00,259.3599853515625,259.3999938964844,259.3200988769531,259.32501220703125,31621,Apple,AAPL
353,2024-12-26 20:24:00+00:00,259.35040283203125,259.4100036621094,259.3299865722656,259.3699951171875,35359,Apple,AAPL
354,2024-12-26 20:25:00+00:00,259.30499267578125,259.3699951171875,259.29998779296875,259.3548889160156,37101,Apple,AAPL
355,2024-12-26 20:26:00+00:00,259.25,259.32000732421875,259.2289123535156,259.30010986328125,40600,Apple,AAPL
356,2024-12-26 20:27:00+00:00,259.2200012207031,259.2900085449219,259.17999267578125,259.239990234375,47436,Apple,AAPL
357,2024-12-26 20:28:00+00:00,259.1600036621094,259.239990234375,259.1600036621094,259.2099914550781,41327,Apple,AAPL
358,2024-12-26 20:29:00+00:00,259.1099853515625,259.20001220703125,259.1099853515625,259.1400146484375,54098,Apple,AAPL
359,2024-12-26 20:30:00+00:00,259.0899963378906,259.1697998046875,259.0899963378906,259.1199951171875,46491,Apple,AAPL
360,2024-12-26 20:31:00+00:00,259.1755065917969,259.19000244140625,259.07000732421875,259.1099853515625,36077,Apple,AAPL
361,2024-12-26 20:32:00+00:00,259.2200927734375,259.25,259.1700134277344,259.1929931640625,46291,Apple,AAPL
362,2024-12-26 20:33:00+00:00,259.2200927734375,259.2699890136719,259.19000244140625,259.2200012207031,39532,Apple,AAPL
363,2024-12-26 20:34:00+00:00,259.2401123046875,259.260009765625,259.2200012207031,259.2300109863281,29055,Apple,AAPL
364,2024-12-26 20:35:00+00:00,259.2535095214844,259.260009765625,259.1809997558594,259.2569885253906,19627,Apple,AAPL
365,2024-12-26 20:36:00+00:00,259.32000732421875,259.32598876953125,259.25,259.25,36166,Apple,AAPL
366,2024-12-26 20:37:00+00:00,259.36700439453125,259.3699951171875,259.2799987792969,259.30999755859375,42072,Apple,AAPL
367,2024-12-26 20:38:00+00:00,259.3599853515625,259.3699951171875,259.2900085449219,259.3599853515625,26262,Apple,AAPL
368,2024-12-26 20:39:00+00:00,259.2699890136719,259.3599853515625,259.2699890136719,259.3500061035156,33191,Apple,AAPL
369,2024-12-26 20:40:00+00:00,259.2699890136719,259.2799987792969,259.2300109863281,259.260009765625,40664,Apple,AAPL
370,2024-12-26 20:41:00+00:00,259.2699890136719,259.29998779296875,259.260009765625,259.2699890136719,34970,Apple,AAPL
371,2024-12-26 20:42:00+00:00,259.3399963378906,259.3900146484375,259.2650146484375,259.2749938964844,107772,Apple,AAPL
372,2024-12-26 20:43:00+00:00,259.3797912597656,259.3900146484375,259.3349914550781,259.3399963378906,37298,Apple,AAPL
373,2024-12-26 20:44:00+00:00,259.389892578125,259.42999267578125,259.3399963378906,259.3699951171875,41244,Apple,AAPL
374,2024-12-26 20:45:00+00:00,259.4700927734375,259.4849853515625,259.3900146484375,259.3900146484375,64794,Apple,AAPL
375,2024-12-26 20:46:00+00:00,259.4580993652344,259.4898986816406,259.3599853515625,259.4800109863281,68637,Apple,AAPL
376,2024-12-26 20:47:00+00:00,259.4898986816406,259.5,259.4049987792969,259.4599914550781,52661,Apple,AAPL
377,2024-12-26 20:48:00+00:00,259.510009765625,259.510009765625,259.45001220703125,259.4849853515625,79255,Apple,AAPL
378,2024-12-26 20:49:00+00:00,259.44500732421875,259.510009765625,259.430908203125,259.5050048828125,55602,Apple,AAPL
379,2024-12-26 20:50:00+00:00,259.2349853515625,259.4800109863281,259.0581970214844,259.44000244140625,203054,Apple,AAPL
380,2024-12-26 20:51:00+00:00,259.3399963378906,259.3500061035156,259.19000244140625,259.2300109863281,111660,Apple,AAPL
381,2024-12-26 20:52:00+00:00,259.30999755859375,259.3800048828125,259.2789001464844,259.3299865722656,119222,Apple,AAPL
382,2024-12-26 20:53:00+00:00,259.29998779296875,259.3800048828125,259.25,259.29998779296875,112169,Apple,AAPL
383,2024-12-26 20:54:00+00:00,259.3599853515625,259.3999938964844,259.260009765625,259.2900085449219,142968,Apple,AAPL
384,2024-12-26 20:55:00+00:00,259.1549987792969,259.4100036621094,259.1000061035156,259.3800048828125,189158,Apple,AAPL
385,2024-12-26 20:56:00+00:00,259.1600036621094,259.2099914550781,259.1300048828125,259.1600036621094,115350,Apple,AAPL
386,2024-12-26 20:57:00+00:00,259.1099853515625,259.2200012207031,259.06500244140625,259.1600036621094,161076,Apple,AAPL
387,2024-12-26 20:58:00+00:00,259.1300048828125,259.2200012207031,259.1099853515625,259.1199951171875,208611,Apple,AAPL
388,2024-12-26 20:59:00+00:00,259.1000061035156,259.2149963378906,259.010009765625,259.1300048828125,390385,Apple,AAPL
389,2024-12-27 14:30:00+00:00,258.4549865722656,258.614990234375,257.79998779296875,257.8999938964844,982636,Apple,AAPL
390,2024-12-27 14:31:00+00:00,258.2597961425781,258.70001220703125,258.19000244140625,258.3900146484375,125413,Apple,AAPL
391,2024-12-27 14:32:00+00:00,257.3699951171875,258.260009765625,257.30999755859375,258.20001220703125,179116,Apple,AAPL
392,2024-12-27 14:33:00+00:00,257.2200012207031,257.6799011230469,257.1400146484375,257.29998779296875,164265,Apple,AAPL
393,2024-12-27 14:34:00+00:00,256.9789123535156,257.3399963378906,256.8999938964844,257.17999267578125,137277,Apple,AAPL
394,2024-12-27 14:35:00+00:00,256.9100036621094,257.2703857421875,256.9100036621094,256.93011474609375,122334,Apple,AAPL
395,2024-12-27 14:36:00+00:00,256.7398986816406,257.010009765625,256.57000732421875,256.9100036621094,161144,Apple,AAPL
396,2024-12-27 14:37:00+00:00,257.0249938964844,257.0799865722656,256.54998779296875,256.739990234375,134728,Apple,AAPL
397,2024-12-27 14:38:00+00:00,256.20001220703125,257.0299987792969,256.1099853515625,257.0,227341,Apple,AAPL
398,2024-12-27 14:39:00+00:00,256.2349853515625,256.3900146484375,256.1600036621094,256.18499755859375,165086,Apple,AAPL
399,2024-12-27 14:40:00+00:00,256.6153869628906,256.6153869628906,256.1400146484375,256.29998779296875,120419,Apple,AAPL
400,2024-12-27 14:41:00+00:00,256.5849914550781,256.8290100097656,256.5,256.619384765625,110368,Apple,AAPL
401,2024-12-27 14:42:00+00:00,256.6499938964844,256.70001220703125,256.44000244140625,256.5799865722656,82143,Apple,AAPL
402,2024-12-27 14:43:00+00:00,256.6099853515625,256.78948974609375,256.5902099609375,256.6099853515625,108719,Apple,AAPL
403,2024-12-27 14:44:00+00:00,256.44000244140625,256.64471435546875,256.44000244140625,256.6099853515625,69601,Apple,AAPL
404,2024-12-27 14:45:00+00:00,256.6877136230469,256.70001220703125,256.3399963378906,256.45001220703125,96514,Apple,AAPL
405,2024-12-27 14:46:00+00:00,256.8835144042969,256.9200134277344,256.6199951171875,256.6499938964844,94678,Apple,AAPL
406,2024-12-27 14:47:00+00:00,256.9200134277344,256.9800109863281,256.6400146484375,256.9049987792969,80673,Apple,AAPL
407,2024-12-27 14:48:00+00:00,256.8500061035156,256.8999938964844,256.7699890136719,256.8999938964844,82001,Apple,AAPL
408,2024-12-27 14:49:00+00:00,256.92999267578125,257.0199890136719,256.7300109863281,256.8399963378906,86896,Apple,AAPL
409,2024-12-27 14:50:00+00:00,256.5299987792969,256.8800048828125,256.480712890625,256.8800048828125,87909,Apple,AAPL
410,2024-12-27 14:51:00+00:00,256.8399963378906,256.8599853515625,256.4700012207031,256.5299987792969,76620,Apple,AAPL
411,2024-12-27 14:52:00+00:00,256.6498107910156,256.8399963378906,256.4800109863281,256.8399963378906,63160,Apple,AAPL
412,2024-12-27 14:53:00+00:00,256.75,256.8500061035156,256.6199951171875,256.6400146484375,51216,Apple,AAPL
413,2024-12-27 14:54:00+00:00,256.62969970703125,256.7515869140625,256.572998046875,256.7515869140625,48548,Apple,AAPL
414,2024-12-27 14:55:00+00:00,256.239990234375,256.5899963378906,256.2300109863281,256.5899963378906,88394,Apple,AAPL
415,2024-12-27 14:56:00+00:00,256.75,256.75,256.2300109863281,256.2550048828125,80107,Apple,AAPL
416,2024-12-27 14:57:00+00:00,256.44500732421875,256.75,256.44000244140625,256.74139404296875,64226,Apple,AAPL
417,2024-12-27 14:58:00+00:00,256.6549987792969,256.67999267578125,256.4100036621094,256.44000244140625,55815,Apple,AAPL
418,2024-12-27 14:59:00+00:00,256.61968994140625,256.739990234375,256.4599914550781,256.6600036621094,62381,Apple,AAPL
419,2024-12-27 15:00:00+00:00,256.22601318359375,256.6600036621094,256.22601318359375,256.6600036621094,64050,Apple,AAPL
420,2024-12-27 15:01:00+00:00,256.1700134277344,256.3699951171875,255.97000122070312,256.25,143545,Apple,AAPL
421,2024-12-27 15:02:00+00:00,256.0498962402344,256.2923889160156,256.010009765625,256.17889404296875,96415,Apple,AAPL
422,2024-12-27 15:03:00+00:00,255.94500732421875,256.1911926269531,255.91000366210938,256.010009765625,102499,Apple,AAPL
423,2024-12-27 15:04:00+00:00,256.0899963378906,256.2699890136719,255.85000610351562,255.9499969482422,118223,Apple,AAPL
424,2024-12-27 15:05:00+00:00,255.77999877929688,256.1400146484375,255.75999450683594,256.1000061035156,154204,Apple,AAPL
425,2024-12-27 15:06:00+00:00,255.81500244140625,255.88999938964844,255.50999450683594,255.77499389648438,133939,Apple,AAPL
426,2024-12-27 15:07:00+00:00,255.72999572753906,255.9398956298828,255.6300048828125,255.8300018310547,149567,Apple,AAPL
427,2024-12-27 15:08:00+00:00,255.8000030517578,255.9199981689453,255.7050018310547,255.74000549316406,80615,Apple,AAPL
428,2024-12-27 15:09:00+00:00,255.74000549316406,255.99000549316406,255.72999572753906,255.8000030517578,119569,Apple,AAPL
429,2024-12-27 15:10:00+00:00,255.82330322265625,256.010009765625,255.74000549316406,255.74000549316406,107464,Apple,AAPL
430,2024-12-27 15:11:00+00:00,255.4600067138672,255.80999755859375,255.42999267578125,255.80999755859375,128249,Apple,AAPL
431,2024-12-27 15:12:00+00:00,255.40350341796875,255.5500030517578,255.30999755859375,255.44500732421875,114901,Apple,AAPL
432,2024-12-27 15:13:00+00:00,255.47430419921875,255.7100067138672,255.41000366210938,255.4499969482422,113883,Apple,AAPL
433,2024-12-27 15:14:00+00:00,255.4499969482422,255.61000061035156,255.44000244140625,255.46499633789062,74042,Apple,AAPL
434,2024-12-27 15:15:00+00:00,255.42649841308594,255.49000549316406,255.27999877929688,255.44000244140625,116161,Apple,AAPL
435,2024-12-27 15:16:00+00:00,255.30999755859375,255.5,255.2449951171875,255.42999267578125,89226,Apple,AAPL
436,2024-12-27 15:17:00+00:00,255.0,255.33999633789062,254.91009521484375,255.30499267578125,237356,Apple,AAPL
437,2024-12-27 15:18:00+00:00,255.02999877929688,255.13999938964844,254.9700927734375,255.02000427246094,127034,Apple,AAPL
438,2024-12-27 15:19:00+00:00,255.05819702148438,255.11000061035156,254.91000366210938,255.03990173339844,160855,Apple,AAPL
439,2024-12-27 15:20:00+00:00,255.07000732421875,255.21499633789062,254.99000549316406,255.0500030517578,92956,Apple,AAPL
440,2024-12-27 15:21:00+00:00,255.06500244140625,255.19000244140625,254.94000244140625,255.0449981689453,99259,Apple,AAPL
441,2024-12-27 15:22:00+00:00,255.3000030517578,255.32000732421875,254.9600067138672,255.05999755859375,101388,Apple,AAPL
442,2024-12-27 15:23:00+00:00,255.2899932861328,255.5699005126953,255.2550048828125,255.29139709472656,93100,Apple,AAPL
443,2024-12-27 15:24:00+00:00,255.17999267578125,255.38999938964844,255.08999633789062,255.27000427246094,91419,Apple,AAPL
444,2024-12-27 15:25:00+00:00,254.97999572753906,255.22500610351562,254.97000122070312,255.16000366210938,59431,Apple,AAPL
445,2024-12-27 15:26:00+00:00,255.1199951171875,255.30999755859375,254.97999572753906,254.98500061035156,82058,Apple,AAPL
446,2024-12-27 15:27:00+00:00,255.14500427246094,255.14999389648438,255.0601043701172,255.11000061035156,55688,Apple,AAPL
447,2024-12-27 15:28:00+00:00,255.03199768066406,255.1699981689453,255.00999450683594,255.1300048828125,82771,Apple,AAPL
448,2024-12-27 15:29:00+00:00,254.99000549316406,255.07000732421875,254.92999267578125,255.02499389648438,79527,Apple,AAPL
449,2024-12-27 15:30:00+00:00,254.75,255.07000732421875,254.75,254.9600067138672,119017,Apple,AAPL
450,2024-12-27 15:31:00+00:00,254.80999755859375,254.91000366210938,254.75999450683594,254.77000427246094,80779,Apple,AAPL
451,2024-12-27 15:32:00+00:00,254.63999938964844,254.82000732421875,254.61500549316406,254.82000732421875,84937,Apple,AAPL
452,2024-12-27 15:33:00+00:00,254.6999969482422,254.77999877929688,254.58999633789062,254.6300048828125,207192,Apple,AAPL
453,2024-12-27 15:34:00+00:00,254.75,254.82119750976562,254.66000366210938,254.7100067138672,90941,Apple,AAPL
454,2024-12-27 15:35:00+00:00,254.64500427246094,254.8300018310547,254.57000732421875,254.76499938964844,124014,Apple,AAPL
455,2024-12-27 15:36:00+00:00,254.60000610351562,254.66990661621094,254.5500030517578,254.63999938964844,85000,Apple,AAPL
456,2024-12-27 15:37:00+00:00,254.58999633789062,254.6699981689453,254.5,254.58999633789062,114605,Apple,AAPL
457,2024-12-27 15:38:00+00:00,254.88499450683594,254.88900756835938,254.58999633789062,254.59500122070312,103036,Apple,AAPL
458,2024-12-27 15:39:00+00:00,254.89999389648438,254.9499969482422,254.77999877929688,254.8800048828125,68013,Apple,AAPL
459,2024-12-27 15:40:00+00:00,254.85000610351562,254.92999267578125,254.85000610351562,254.89999389648438,85285,Apple,AAPL
460,2024-12-27 15:41:00+00:00,255.16600036621094,255.1999969482422,254.83999633789062,254.83999633789062,115371,Apple,AAPL
461,2024-12-27 15:42:00+00:00,254.9499969482422,255.22000122070312,254.9499969482422,255.14999389648438,98304,Apple,AAPL
462,2024-12-27 15:43:00+00:00,255.3300018310547,255.36000061035156,254.94500732421875,254.97000122070312,108135,Apple,AAPL
463,2024-12-27 15:44:00+00:00,255.28799438476562,255.39999389648438,255.2100067138672,255.2949981689453,71988,Apple,AAPL
464,2024-12-27 15:45:00+00:00,255.25999450683594,255.33999633789062,255.1999969482422,255.2899932861328,74685,Apple,AAPL
465,2024-12-27 15:46:00+00:00,255.01390075683594,255.25770568847656,254.97000122070312,255.25770568847656,109817,Apple,AAPL
466,2024-12-27 15:47:00+00:00,255.00999450683594,255.1300048828125,254.97999572753906,255.00999450683594,71592,Apple,AAPL
467,2024-12-27 15:48:00+00:00,255.02999877929688,255.11000061035156,254.9600067138672,255.03990173339844,83332,Apple,AAPL
468,2024-12-27 15:49:00+00:00,255.13999938964844,255.2100067138672,255.0050048828125,255.0399932861328,49501,Apple,AAPL
469,2024-12-27 15:50:00+00:00,255.0800018310547,255.15499877929688,254.91000366210938,255.13999938964844,84978,Apple,AAPL
470,2024-12-27 15:51:00+00:00,255.1999969482422,255.2667999267578,255.0500030517578,255.05999755859375,61189,Apple,AAPL
471,2024-12-27 15:52:00+00:00,255.13999938964844,255.24000549316406,255.0800018310547,255.22000122070312,48297,Apple,AAPL
472,2024-12-27 15:53:00+00:00,255.2100067138672,255.24000549316406,255.0500030517578,255.1300048828125,72411,Apple,AAPL
473,2024-12-27 15:54:00+00:00,255.22500610351562,255.28500366210938,255.1300048828125,255.2050018310547,99584,Apple,AAPL
474,2024-12-27 15:55:00+00:00,255.0850067138672,255.22500610351562,255.0500030517578,255.22500610351562,82490,Apple,AAPL
475,2024-12-27 15:56:00+00:00,255.19000244140625,255.22000122070312,255.0500030517578,255.0850067138672,53366,Apple,AAPL
476,2024-12-27 15:57:00+00:00,255.01499938964844,255.22000122070312,254.9600067138672,255.1999969482422,91854,Apple,AAPL
477,2024-12-27 15:58:00+00:00,255.07240295410156,255.1300048828125,254.9842071533203,254.9842071533203,48987,Apple,AAPL
478,2024-12-27 15:59:00+00:00,254.9499969482422,255.10000610351562,254.9499969482422,255.0800018310547,57559,Apple,AAPL
479,2024-12-27 16:00:00+00:00,255.0200958251953,255.03500366210938,254.9199981689453,254.9499969482422,82394,Apple,AAPL
480,2024-12-27 16:01:00+00:00,254.84500122070312,255.0399932861328,254.84500122070312,255.02999877929688,83151,Apple,AAPL
481,2024-12-27 16:02:00+00:00,254.66000366210938,254.82000732421875,254.66000366210938,254.80999755859375,74011,Apple,AAPL
482,2024-12-27 16:03:00+00:00,254.61880493164062,254.74000549316406,254.60000610351562,254.6699981689453,66112,Apple,AAPL
483,2024-12-27 16:04:00+00:00,254.4199981689453,254.618896484375,254.41000366210938,254.618896484375,111874,Apple,AAPL
484,2024-12-27 16:05:00+00:00,254.4801025390625,254.55650329589844,254.38009643554688,254.4499969482422,64048,Apple,AAPL
485,2024-12-27 16:06:00+00:00,254.38999938964844,254.52369689941406,254.38999938964844,254.49000549316406,54182,Apple,AAPL
486,2024-12-27 16:07:00+00:00,254.42999267578125,254.5,254.33999633789062,254.39089965820312,67119,Apple,AAPL
487,2024-12-27 16:08:00+00:00,254.3800048828125,254.44790649414062,254.35000610351562,254.44000244140625,35209,Apple,AAPL
488,2024-12-27 16:10:00+00:00,254.38499450683594,254.45730590820312,254.37350463867188,254.42999267578125,152821,Apple,AAPL
489,2024-12-27 16:11:00+00:00,254.49000549316406,254.5850067138672,254.38499450683594,254.39990234375,55318,Apple,AAPL
490,2024-12-27 16:12:00+00:00,254.4600067138672,254.55999755859375,254.42999267578125,254.47000122070312,572986,Apple,AAPL
491,2024-12-27 16:13:00+00:00,254.40499877929688,254.50999450683594,254.39999389648438,254.46499633789062,50512,Apple,AAPL
492,2024-12-27 16:14:00+00:00,254.1199951171875,254.41000366210938,254.08999633789062,254.40249633789062,91701,Apple,AAPL
493,2024-12-27 16:15:00+00:00,254.2100067138672,254.25,254.1300048828125,254.1300048828125,79001,Apple,AAPL
494,2024-12-27 16:16:00+00:00,254.3300018310547,254.3699951171875,254.2050018310547,254.22999572753906,48908,Apple,AAPL
495,2024-12-27 16:17:00+00:00,254.33999633789062,254.39999389648438,254.24000549316406,254.3300018310547,42491,Apple,AAPL
496,2024-12-27 16:18:00+00:00,254.3300018310547,254.3800048828125,254.2899932861328,254.32000732421875,59403,Apple,AAPL
497,2024-12-27 16:19:00+00:00,254.25999450683594,254.33999633789062,254.21099853515625,254.3300018310547,48610,Apple,AAPL
498,2024-12-27 16:20:00+00:00,254.27999877929688,254.35000610351562,254.22999572753906,254.25,95802,Apple,AAPL
499,2024-12-27 16:21:00+00:00,254.1999969482422,254.3699951171875,254.17999267578125,254.27999877929688,73671,Apple,AAPL
500,2024-12-27 16:22:00+00:00,254.13499450683594,254.24000549316406,254.1199951171875,254.1999969482422,66537,Apple,AAPL
501,2024-12-27 16:23:00+00:00,254.1999053955078,254.24000549316406,254.10000610351562,254.13499450683594,57955,Apple,AAPL
502,2024-12-27 16:24:00+00:00,254.07000732421875,254.19000244140625,254.0399932861328,254.1699981689453,47010,Apple,AAPL
503,2024-12-27 16:25:00+00:00,254.16000366210938,254.17999267578125,254.0749969482422,254.0800018310547,82625,Apple,AAPL
504,2024-12-27 16:26:00+00:00,254.17999267578125,254.24000549316406,254.13450622558594,254.1699981689453,60531,Apple,AAPL
505,2024-12-27 16:27:00+00:00,254.37869262695312,254.3800048828125,254.19000244140625,254.19000244140625,76948,Apple,AAPL
506,2024-12-27 16:28:00+00:00,254.41000366210938,254.4355926513672,254.3300018310547,254.3699951171875,94049,Apple,AAPL
507,2024-12-27 16:29:00+00:00,254.72999572753906,254.75,254.4199981689453,254.4199981689453,111217,Apple,AAPL
508,2024-12-27 16:30:00+00:00,254.52999877929688,254.77999877929688,254.47999572753906,254.74000549316406,60769,Apple,AAPL
509,2024-12-27 16:31:00+00:00,254.69000244140625,254.6999969482422,254.50999450683594,254.50999450683594,46278,Apple,AAPL
510,2024-12-27 16:32:00+00:00,254.61920166015625,254.72999572753906,254.5800018310547,254.69009399414062,64966,Apple,AAPL
511,2024-12-27 16:33:00+00:00,254.75999450683594,254.78990173339844,254.5800018310547,254.61000061035156,47495,Apple,AAPL
512,2024-12-27 16:34:00+00:00,254.7375946044922,254.8000030517578,254.72000122070312,254.77000427246094,48851,Apple,AAPL
513,2024-12-27 16:35:00+00:00,254.72999572753906,254.7899932861328,254.6999969482422,254.72000122070312,59083,Apple,AAPL
514,2024-12-27 16:36:00+00:00,254.64999389648438,254.76300048828125,254.61000061035156,254.7469940185547,73299,Apple,AAPL
515,2024-12-27 16:37:00+00:00,254.75,254.7899932861328,254.66000366210938,254.66000366210938,80941,Apple,AAPL
516,2024-12-27 16:38:00+00:00,254.72000122070312,254.77000427246094,254.67999267578125,254.7698974609375,68906,Apple,AAPL
517,2024-12-27 16:39:00+00:00,254.61000061035156,254.72000122070312,254.57000732421875,254.7178955078125,58019,Apple,AAPL
518,2024-12-27 16:40:00+00:00,254.52999877929688,254.64500427246094,254.52999877929688,254.61500549316406,58419,Apple,AAPL
519,2024-12-27 16:41:00+00:00,254.4499969482422,254.5399932861328,254.38999938964844,254.5399932861328,61917,Apple,AAPL
520,2024-12-27 16:42:00+00:00,254.2899932861328,254.4499969482422,254.27999877929688,254.44000244140625,64083,Apple,AAPL
521,2024-12-27 16:43:00+00:00,254.12010192871094,254.29649353027344,254.1199951171875,254.29649353027344,57035,Apple,AAPL
522,2024-12-27 16:44:00+00:00,254.0800018310547,254.20989990234375,254.05999755859375,254.1199951171875,78181,Apple,AAPL
523,2024-12-27 16:45:00+00:00,254.13600158691406,254.13999938964844,254.07000732421875,254.07000732421875,70937,Apple,AAPL
524,2024-12-27 16:46:00+00:00,254.1804962158203,254.18699645996094,254.11000061035156,254.1356964111328,49043,Apple,AAPL
525,2024-12-27 16:47:00+00:00,254.07000732421875,254.23989868164062,254.07000732421875,254.1699981689453,61594,Apple,AAPL
526,2024-12-27 16:48:00+00:00,254.14959716796875,254.22999572753906,253.99000549316406,254.0738983154297,138045,Apple,AAPL
527,2024-12-27 16:49:00+00:00,254.06570434570312,254.1999969482422,254.0500030517578,254.1300048828125,52423,Apple,AAPL
528,2024-12-27 16:50:00+00:00,253.86000061035156,254.11000061035156,253.83999633789062,254.0800018310547,126580,Apple,AAPL
529,2024-12-27 16:51:00+00:00,253.60629272460938,253.87989807128906,253.58999633789062,253.85000610351562,128956,Apple,AAPL
530,2024-12-27 16:52:00+00:00,253.5050048828125,253.61000061035156,253.42999267578125,253.58999633789062,129836,Apple,AAPL
531,2024-12-27 16:53:00+00:00,253.57000732421875,253.59629821777344,253.44000244140625,253.5,83178,Apple,AAPL
532,2024-12-27 16:54:00+00:00,253.50579833984375,253.58999633789062,253.47000122070312,253.57000732421875,56802,Apple,AAPL
533,2024-12-27 16:55:00+00:00,253.41000366210938,253.5800018310547,253.36000061035156,253.5,98969,Apple,AAPL
534,2024-12-27 16:56:00+00:00,253.7100067138672,253.77999877929688,253.39390563964844,253.41000366210938,120367,Apple,AAPL
535,2024-12-27 16:57:00+00:00,253.66000366210938,253.85000610351562,253.66000366210938,253.71499633789062,93152,Apple,AAPL
536,2024-12-27 16:58:00+00:00,253.5399932861328,253.6999969482422,253.4600067138672,253.67999267578125,83177,Apple,AAPL
537,2024-12-27 16:59:00+00:00,253.63499450683594,253.6999969482422,253.50999450683594,253.5489044189453,79662,Apple,AAPL
538,2024-12-27 17:00:00+00:00,253.6199951171875,253.7100067138672,253.60000610351562,253.6199951171875,57515,Apple,AAPL
539,2024-12-27 17:01:00+00:00,253.60000610351562,253.72999572753906,253.5800018310547,253.6199951171875,53488,Apple,AAPL
540,2024-12-27 17:02:00+00:00,253.44009399414062,253.61500549316406,253.44000244140625,253.5800018310547,80919,Apple,AAPL
541,2024-12-27 17:03:00+00:00,253.47000122070312,253.5847930908203,253.38999938964844,253.4499969482422,82318,Apple,AAPL
542,2024-12-27 17:04:00+00:00,253.39999389648438,253.52000427246094,253.375,253.46499633789062,89643,Apple,AAPL
543,2024-12-27 17:05:00+00:00,253.33999633789062,253.4199981689453,253.33999633789062,253.41749572753906,84651,Apple,AAPL
544,2024-12-27 17:06:00+00:00,253.3699951171875,253.4698944091797,253.33999633789062,253.36000061035156,83749,Apple,AAPL
545,2024-12-27 17:07:00+00:00,253.1999969482422,253.4199981689453,253.19000244140625,253.36000061035156,105233,Apple,AAPL
546,2024-12-27 17:08:00+00:00,253.25,253.2899932861328,253.14999389648438,253.1999969482422,656640,Apple,AAPL
547,2024-12-27 17:09:00+00:00,253.25,253.3300018310547,253.24000549316406,253.24310302734375,79750,Apple,AAPL
548,2024-12-27 17:10:00+00:00,253.0800018310547,253.3699951171875,253.05999755859375,253.27000427246094,144490,Apple,AAPL
549,2024-12-27 17:11:00+00:00,253.42999267578125,253.4600067138672,253.07000732421875,253.07000732421875,69679,Apple,AAPL
550,2024-12-27 17:12:00+00:00,253.4250030517578,253.5,253.33999633789062,253.4250030517578,81539,Apple,AAPL
551,2024-12-27 17:13:00+00:00,253.5299072265625,253.52999877929688,253.35000610351562,253.42779541015625,33036,Apple,AAPL
552,2024-12-27 17:14:00+00:00,253.5001983642578,253.5395965576172,253.4199981689453,253.53500366210938,37839,Apple,AAPL
553,2024-12-27 17:15:00+00:00,253.55999755859375,253.62600708007812,253.50619506835938,253.50619506835938,39471,Apple,AAPL
554,2024-12-27 17:16:00+00:00,253.42759704589844,253.57470703125,253.4199981689453,253.55999755859375,40265,Apple,AAPL
555,2024-12-27 17:17:00+00:00,253.39010620117188,253.49899291992188,253.3800048828125,253.43240356445312,36033,Apple,AAPL
556,2024-12-27 17:18:00+00:00,253.5500030517578,253.5832061767578,253.4199981689453,253.4199981689453,50881,Apple,AAPL
557,2024-12-27 17:19:00+00:00,253.4199981689453,253.5800018310547,253.41000366210938,253.5800018310547,39228,Apple,AAPL
558,2024-12-27 17:20:00+00:00,253.35000610351562,253.52000427246094,253.3300018310547,253.4250030517578,59485,Apple,AAPL
559,2024-12-27 17:21:00+00:00,253.30999755859375,253.4199981689453,253.30999755859375,253.35000610351562,48196,Apple,AAPL
560,2024-12-27 17:22:00+00:00,253.52999877929688,253.53990173339844,253.30999755859375,253.32000732421875,53549,Apple,AAPL
561,2024-12-27 17:23:00+00:00,253.5800018310547,253.68609619140625,253.5229949951172,253.5229949951172,57638,Apple,AAPL
562,2024-12-27 17:24:00+00:00,253.57000732421875,253.60000610351562,253.5500030517578,253.5800018310547,18802,Apple,AAPL
563,2024-12-27 17:25:00+00:00,253.6324005126953,253.69850158691406,253.5500030517578,253.55999755859375,45883,Apple,AAPL
564,2024-12-27 17:26:00+00:00,253.79559326171875,254.0,253.63250732421875,253.6374053955078,103406,Apple,AAPL
565,2024-12-27 17:27:00+00:00,253.80999755859375,253.86500549316406,253.6999969482422,253.77000427246094,61219,Apple,AAPL
566,2024-12-27 17:28:00+00:00,253.67999267578125,253.82000732421875,253.58999633789062,253.80999755859375,56691,Apple,AAPL
567,2024-12-27 17:29:00+00:00,253.67999267578125,253.69000244140625,253.57000732421875,253.67140197753906,43295,Apple,AAPL
568,2024-12-27 17:30:00+00:00,253.7899932861328,253.7899932861328,253.64779663085938,253.6699981689453,42674,Apple,AAPL
569,2024-12-27 17:31:00+00:00,254.02999877929688,254.08399963378906,253.7899932861328,253.82009887695312,112262,Apple,AAPL
570,2024-12-27 17:32:00+00:00,253.91050720214844,254.0399932861328,253.91000366210938,254.0,53268,Apple,AAPL
571,2024-12-27 17:33:00+00:00,253.8800048828125,253.9499969482422,253.8800048828125,253.90289306640625,50139,Apple,AAPL
572,2024-12-27 17:34:00+00:00,253.93499755859375,253.99000549316406,253.77999877929688,253.89999389648438,56467,Apple,AAPL
573,2024-12-27 17:35:00+00:00,253.9600067138672,254.03990173339844,253.9199981689453,253.92999267578125,593651,Apple,AAPL
574,2024-12-27 17:36:00+00:00,253.91000366210938,253.99000549316406,253.86000061035156,253.94419860839844,81110,Apple,AAPL
575,2024-12-27 17:37:00+00:00,253.7100067138672,253.91000366210938,253.7100067138672,253.89999389648438,48557,Apple,AAPL
576,2024-12-27 17:38:00+00:00,253.75999450683594,253.78500366210938,253.7100067138672,253.72500610351562,39264,Apple,AAPL
577,2024-12-27 17:39:00+00:00,253.77000427246094,253.83999633789062,253.74000549316406,253.7736053466797,35066,Apple,AAPL
578,2024-12-27 17:40:00+00:00,253.7801055908203,253.8350067138672,253.75010681152344,253.78500366210938,21753,Apple,AAPL
579,2024-12-27 17:41:00+00:00,254.1199951171875,254.1300048828125,253.7899932861328,253.7899932861328,93130,Apple,AAPL
580,2024-12-27 17:42:00+00:00,254.07000732421875,254.125,254.02000427246094,254.1199951171875,38037,Apple,AAPL
581,2024-12-27 17:43:00+00:00,254.0500030517578,254.12989807128906,254.0399932861328,254.0800018310547,74044,Apple,AAPL
582,2024-12-27 17:44:00+00:00,254.07000732421875,254.07000732421875,253.99000549316406,254.0500030517578,34751,Apple,AAPL
583,2024-12-27 17:45:00+00:00,254.13999938964844,254.16990661621094,254.00999450683594,254.06500244140625,51242,Apple,AAPL
584,2024-12-27 17:46:00+00:00,254.1300048828125,254.22000122070312,254.11610412597656,254.13999938964844,52652,Apple,AAPL
585,2024-12-27 17:47:00+00:00,253.9600067138672,254.1300048828125,253.8800048828125,254.1199951171875,52449,Apple,AAPL
586,2024-12-27 17:48:00+00:00,253.9261016845703,254.0399932861328,253.8800048828125,253.97000122070312,19977,Apple,AAPL
587,2024-12-27 17:49:00+00:00,253.97000122070312,253.99000549316406,253.88999938964844,253.94000244140625,27068,Apple,AAPL
588,2024-12-27 17:50:00+00:00,254.08700561523438,254.1898956298828,253.97000122070312,253.97000122070312,32012,Apple,AAPL
589,2024-12-27 17:51:00+00:00,254.1199951171875,254.14999389648438,254.05999755859375,254.0800018310547,24167,Apple,AAPL
590,2024-12-27 17:52:00+00:00,254.189697265625,254.24000549316406,254.11500549316406,254.13999938964844,39787,Apple,AAPL
591,2024-12-27 17:53:00+00:00,254.24000549316406,254.27000427246094,254.15060424804688,254.19000244140625,43042,Apple,AAPL
592,2024-12-27 17:54:00+00:00,254.3000030517578,254.33999633789062,254.22999572753906,254.25990295410156,63845,Apple,AAPL
593,2024-12-27 17:55:00+00:00,254.3199005126953,254.3199005126953,254.20030212402344,254.27000427246094,41398,Apple,AAPL
594,2024-12-27 17:56:00+00:00,254.4199981689453,254.44000244140625,254.32000732421875,254.32000732421875,68712,Apple,AAPL
595,2024-12-27 17:57:00+00:00,254.4499969482422,254.52999877929688,254.39999389648438,254.42999267578125,81839,Apple,AAPL
596,2024-12-27 17:58:00+00:00,254.4600067138672,254.52000427246094,254.4199981689453,254.42999267578125,37701,Apple,AAPL
597,2024-12-27 17:59:00+00:00,254.5,254.5500030517578,254.42999267578125,254.46910095214844,57461,Apple,AAPL
598,2024-12-27 18:00:00+00:00,254.5800018310547,254.6074981689453,254.47999572753906,254.48500061035156,54945,Apple,AAPL
599,2024-12-27 18:01:00+00:00,254.58999633789062,254.6199951171875,254.50999450683594,254.5800018310547,52535,Apple,AAPL
600,2024-12-27 18:02:00+00:00,254.6300048828125,254.6490020751953,254.57000732421875,254.5800018310547,44589,Apple,AAPL
601,2024-12-27 18:03:00+00:00,254.67999267578125,254.6999053955078,254.6199951171875,254.63499450683594,59263,Apple,AAPL
602,2024-12-27 18:04:00+00:00,254.80499267578125,254.8300018310547,254.6699981689453,254.6999969482422,60189,Apple,AAPL
603,2024-12-27 18:05:00+00:00,254.66940307617188,254.8300018310547,254.63999938964844,254.75,71130,Apple,AAPL
604,2024-12-27 18:06:00+00:00,254.56700134277344,254.67129516601562,254.49000549316406,254.63999938964844,51563,Apple,AAPL
605,2024-12-27 18:07:00+00:00,254.32000732421875,254.5500030517578,254.2899932861328,254.5500030517578,78822,Apple,AAPL
606,2024-12-27 18:08:00+00:00,254.36000061035156,254.4001007080078,254.3300018310547,254.3300018310547,48120,Apple,AAPL
607,2024-12-27 18:09:00+00:00,254.4149932861328,254.49989318847656,254.3699951171875,254.3699951171875,44357,Apple,AAPL
608,2024-12-27 18:10:00+00:00,254.3699951171875,254.47000122070312,254.3699951171875,254.41000366210938,34254,Apple,AAPL
609,2024-12-27 18:11:00+00:00,254.5,254.50059509277344,254.3699951171875,254.3800048828125,30062,Apple,AAPL
610,2024-12-27 18:12:00+00:00,254.55999755859375,254.61000061035156,254.49009704589844,254.49009704589844,38211,Apple,AAPL
611,2024-12-27 18:13:00+00:00,254.64999389648438,254.64999389648438,254.5399932861328,254.5552978515625,24621,Apple,AAPL
612,2024-12-27 18:14:00+00:00,254.55999755859375,254.65499877929688,254.55999755859375,254.63999938964844,34093,Apple,AAPL
613,2024-12-27 18:15:00+00:00,254.66990661621094,254.69000244140625,254.52999877929688,254.5449981689453,42600,Apple,AAPL
614,2024-12-27 18:16:00+00:00,254.6300048828125,254.69610595703125,254.6199951171875,254.66000366210938,25090,Apple,AAPL
615,2024-12-27 18:17:00+00:00,254.69000244140625,254.72000122070312,254.61000061035156,254.6199951171875,29340,Apple,AAPL
616,2024-12-27 18:18:00+00:00,254.7100067138672,254.72000122070312,254.6699981689453,254.69749450683594,19531,Apple,AAPL
617,2024-12-27 18:19:00+00:00,254.63999938964844,254.72000122070312,254.61000061035156,254.70339965820312,34494,Apple,AAPL
618,2024-12-27 18:20:00+00:00,254.6999969482422,254.75,254.6300048828125,254.6313018798828,26574,Apple,AAPL
619,2024-12-27 18:21:00+00:00,254.6999053955078,254.74000549316406,254.63999938964844,254.72999572753906,25777,Apple,AAPL
620,2024-12-27 18:22:00+00:00,254.71499633789062,254.74000549316406,254.6699981689453,254.7100067138672,35342,Apple,AAPL
621,2024-12-27 18:23:00+00:00,254.80999755859375,254.80999755859375,254.72000122070312,254.72999572753906,37860,Apple,AAPL
622,2024-12-27 18:24:00+00:00,254.8699951171875,254.8699951171875,254.74000549316406,254.80999755859375,59332,Apple,AAPL
623,2024-12-27 18:25:00+00:00,254.9250030517578,254.9799041748047,254.8699951171875,254.8800048828125,45893,Apple,AAPL
624,2024-12-27 18:26:00+00:00,254.70989990234375,254.9149932861328,254.67010498046875,254.91000366210938,58696,Apple,AAPL
625,2024-12-27 18:27:00+00:00,254.8300018310547,254.8300018310547,254.6699981689453,254.6999969482422,46413,Apple,AAPL
626,2024-12-27 18:28:00+00:00,254.9600067138672,254.97000122070312,254.86000061035156,254.86000061035156,34045,Apple,AAPL
627,2024-12-27 18:29:00+00:00,254.9499969482422,254.9571990966797,254.9199981689453,254.9499969482422,23025,Apple,AAPL
628,2024-12-27 18:30:00+00:00,254.96119689941406,255.02999877929688,254.86000061035156,254.94000244140625,89170,Apple,AAPL
629,2024-12-27 18:31:00+00:00,254.99000549316406,255.0800018310547,254.91009521484375,254.96499633789062,43002,Apple,AAPL
630,2024-12-27 18:32:00+00:00,254.97000122070312,255.0500030517578,254.9499969482422,255.02000427246094,36023,Apple,AAPL
631,2024-12-27 18:33:00+00:00,254.97999572753906,255.05999755859375,254.9199981689453,254.9499969482422,45023,Apple,AAPL
632,2024-12-27 18:34:00+00:00,255.05499267578125,255.08999633789062,254.97210693359375,254.97500610351562,35772,Apple,AAPL
633,2024-12-27 18:35:00+00:00,254.89500427246094,255.0399932861328,254.86000061035156,255.0399932861328,56502,Apple,AAPL
634,2024-12-27 18:36:00+00:00,255.0050048828125,255.07650756835938,254.91000366210938,254.91000366210938,54831,Apple,AAPL
635,2024-12-27 18:37:00+00:00,254.91000366210938,255.0399932861328,254.90499877929688,254.99000549316406,36097,Apple,AAPL
636,2024-12-27 18:38:00+00:00,254.89999389648438,254.92999267578125,254.88999938964844,254.9199981689453,32992,Apple,AAPL
637,2024-12-27 18:39:00+00:00,255.00999450683594,255.00999450683594,254.89950561523438,254.89950561523438,34220,Apple,AAPL
638,2024-12-27 18:40:00+00:00,255.13999938964844,255.13999938964844,255.01820373535156,255.02000427246094,57592,Apple,AAPL
639,2024-12-27 18:41:00+00:00,255.07000732421875,255.17999267578125,255.05999755859375,255.13499450683594,43347,Apple,AAPL
640,2024-12-27 18:42:00+00:00,255.08999633789062,255.14999389648438,255.05999755859375,255.07000732421875,25407,Apple,AAPL
641,2024-12-27 18:43:00+00:00,255.02000427246094,255.08999633789062,254.99009704589844,255.08999633789062,41222,Apple,AAPL
642,2024-12-27 18:44:00+00:00,255.125,255.125,254.9801025390625,255.02499389648438,35398,Apple,AAPL
643,2024-12-27 18:45:00+00:00,255.17999267578125,255.1999969482422,255.06500244140625,255.125,42969,Apple,AAPL
644,2024-12-27 18:46:00+00:00,255.10000610351562,255.22000122070312,255.0800018310547,255.1728973388672,43350,Apple,AAPL
645,2024-12-27 18:47:00+00:00,255.00999450683594,255.08999633789062,254.97000122070312,255.08999633789062,42279,Apple,AAPL
646,2024-12-27 18:48:00+00:00,255.0399932861328,255.10000610351562,255.00999450683594,255.00999450683594,20332,Apple,AAPL
647,2024-12-27 18:49:00+00:00,254.96910095214844,255.06500244140625,254.94000244140625,255.06500244140625,29743,Apple,AAPL
648,2024-12-27 18:50:00+00:00,255.14500427246094,255.17999267578125,254.9600067138672,254.97000122070312,47741,Apple,AAPL
649,2024-12-27 18:51:00+00:00,255.19000244140625,255.2100067138672,255.11459350585938,255.14500427246094,31843,Apple,AAPL
650,2024-12-27 18:52:00+00:00,255.2205047607422,255.27000427246094,255.1699981689453,255.1699981689453,44542,Apple,AAPL
651,2024-12-27 18:53:00+00:00,255.1649932861328,255.2899932861328,255.1649932861328,255.2299041748047,54158,Apple,AAPL
652,2024-12-27 18:54:00+00:00,255.25,255.27999877929688,255.13999938964844,255.16000366210938,34324,Apple,AAPL
653,2024-12-27 18:55:00+00:00,255.31500244140625,255.3300018310547,255.23500061035156,255.25,37181,Apple,AAPL
654,2024-12-27 18:56:00+00:00,255.27000427246094,255.3199005126953,255.21009826660156,255.3065948486328,29787,Apple,AAPL
655,2024-12-27 18:57:00+00:00,255.3000030517578,255.30999755859375,255.21600341796875,255.27000427246094,18805,Apple,AAPL
656,2024-12-27 18:58:00+00:00,255.3000030517578,255.33999633789062,255.27000427246094,255.3000030517578,25977,Apple,AAPL
657,2024-12-27 18:59:00+00:00,255.3000030517578,255.30999755859375,255.2100067138672,255.3000030517578,47774,Apple,AAPL
658,2024-12-27 19:00:00+00:00,255.30999755859375,255.32989501953125,255.2100067138672,255.2899932861328,31517,Apple,AAPL
659,2024-12-27 19:01:00+00:00,255.3000030517578,255.3699951171875,255.2100067138672,255.3300018310547,52592,Apple,AAPL
660,2024-12-27 19:02:00+00:00,255.21530151367188,255.35000610351562,255.1999969482422,255.32989501953125,30745,Apple,AAPL
661,2024-12-27 19:03:00+00:00,255.27000427246094,255.27999877929688,255.1884002685547,255.20989990234375,25029,Apple,AAPL
662,2024-12-27 19:04:00+00:00,255.22779846191406,255.2899932861328,255.2100067138672,255.25,27624,Apple,AAPL
663,2024-12-27 19:05:00+00:00,255.25,255.27999877929688,255.1999969482422,255.22999572753906,24462,Apple,AAPL
664,2024-12-27 19:06:00+00:00,255.35000610351562,255.3699951171875,255.22999572753906,255.22999572753906,39376,Apple,AAPL
665,2024-12-27 19:07:00+00:00,255.27999877929688,255.3699951171875,255.24000549316406,255.3572998046875,33902,Apple,AAPL
666,2024-12-27 19:08:00+00:00,255.32000732421875,255.3300018310547,255.27999877929688,255.2899932861328,21029,Apple,AAPL
667,2024-12-27 19:09:00+00:00,255.3280029296875,255.35000610351562,255.28269958496094,255.3000030517578,32404,Apple,AAPL
668,2024-12-27 19:10:00+00:00,255.38999938964844,255.41000366210938,255.31500244140625,255.32730102539062,49633,Apple,AAPL
669,2024-12-27 19:11:00+00:00,255.27000427246094,255.36000061035156,255.27000427246094,255.35000610351562,18900,Apple,AAPL
670,2024-12-27 19:12:00+00:00,255.35000610351562,255.35000610351562,255.26499938964844,255.2899932861328,60645,Apple,AAPL
671,2024-12-27 19:13:00+00:00,255.3000030517578,255.33999633789062,255.25999450683594,255.3300018310547,22417,Apple,AAPL
672,2024-12-27 19:14:00+00:00,255.2864990234375,255.3300018310547,255.27000427246094,255.3000030517578,29121,Apple,AAPL
673,2024-12-27 19:15:00+00:00,255.30999755859375,255.3300018310547,255.27000427246094,255.28379821777344,19467,Apple,AAPL
674,2024-12-27 19:16:00+00:00,255.32000732421875,255.35800170898438,255.27999877929688,255.32000732421875,25546,Apple,AAPL
675,2024-12-27 19:17:00+00:00,255.40699768066406,255.42999267578125,255.32000732421875,255.3300018310547,32729,Apple,AAPL
676,2024-12-27 19:18:00+00:00,255.3800048828125,255.44000244140625,255.34230041503906,255.4199981689453,38867,Apple,AAPL
677,2024-12-27 19:19:00+00:00,255.4600067138672,255.47999572753906,255.375,255.39999389648438,40032,Apple,AAPL
678,2024-12-27 19:20:00+00:00,255.44000244140625,255.50999450683594,255.42999267578125,255.46499633789062,79330,Apple,AAPL
679,2024-12-27 19:21:00+00:00,255.3970947265625,255.47999572753906,255.33999633789062,255.4488067626953,35042,Apple,AAPL
680,2024-12-27 19:22:00+00:00,255.27000427246094,255.4011993408203,255.25999450683594,255.39759826660156,33369,Apple,AAPL
681,2024-12-27 19:23:00+00:00,255.08999633789062,255.27999877929688,255.07000732421875,255.27000427246094,80811,Apple,AAPL
682,2024-12-27 19:24:00+00:00,255.1199951171875,255.25,255.08999633789062,255.08999633789062,67829,Apple,AAPL
683,2024-12-27 19:25:00+00:00,255.0299072265625,255.1699981689453,254.97999572753906,255.1300048828125,74327,Apple,AAPL
684,2024-12-27 19:26:00+00:00,254.99029541015625,255.10000610351562,254.99000549316406,255.02999877929688,66858,Apple,AAPL
685,2024-12-27 19:27:00+00:00,255.0,255.07000732421875,254.97500610351562,255.0,56375,Apple,AAPL
686,2024-12-27 19:28:00+00:00,254.99009704589844,255.09500122070312,254.99009704589844,255.02000427246094,33671,Apple,AAPL
687,2024-12-27 19:29:00+00:00,255.01499938964844,255.07000732421875,254.99000549316406,255.0102996826172,22292,Apple,AAPL
688,2024-12-27 19:30:00+00:00,255.0,255.0800018310547,254.99000549316406,255.02999877929688,45129,Apple,AAPL
689,2024-12-27 19:31:00+00:00,255.0500946044922,255.08999633789062,254.97999572753906,255.02000427246094,53957,Apple,AAPL
690,2024-12-27 19:32:00+00:00,255.11000061035156,255.13999938964844,255.02999877929688,255.0572967529297,46279,Apple,AAPL
691,2024-12-27 19:33:00+00:00,255.1781005859375,255.2100067138672,255.07000732421875,255.09010314941406,36137,Apple,AAPL
692,2024-12-27 19:34:00+00:00,255.1699981689453,255.17999267578125,255.11000061035156,255.16000366210938,22983,Apple,AAPL
693,2024-12-27 19:35:00+00:00,255.2550048828125,255.3000030517578,255.17010498046875,255.17010498046875,47627,Apple,AAPL
694,2024-12-27 19:36:00+00:00,255.147705078125,255.25,255.1300048828125,255.2449951171875,19780,Apple,AAPL
695,2024-12-27 19:37:00+00:00,255.17599487304688,255.2194061279297,255.1199951171875,255.13999938964844,25143,Apple,AAPL
696,2024-12-27 19:38:00+00:00,255.1699981689453,255.2270050048828,255.16000366210938,255.17999267578125,30788,Apple,AAPL
697,2024-12-27 19:39:00+00:00,255.2100067138672,255.22000122070312,255.16000366210938,255.1649932861328,13827,Apple,AAPL
698,2024-12-27 19:40:00+00:00,255.2899932861328,255.35000610351562,255.2100067138672,255.22500610351562,35569,Apple,AAPL
699,2024-12-27 19:41:00+00:00,255.35000610351562,255.3699951171875,255.2550048828125,255.27000427246094,33478,Apple,AAPL
700,2024-12-27 19:42:00+00:00,255.27000427246094,255.36000061035156,255.24000549316406,255.3582000732422,22463,Apple,AAPL
701,2024-12-27 19:43:00+00:00,255.32000732421875,255.3300018310547,255.22999572753906,255.27000427246094,17363,Apple,AAPL
702,2024-12-27 19:44:00+00:00,255.35000610351562,255.35000610351562,255.2899932861328,255.32000732421875,22325,Apple,AAPL
703,2024-12-27 19:45:00+00:00,255.39999389648438,255.42999267578125,255.3300018310547,255.33999633789062,31597,Apple,AAPL
704,2024-12-27 19:46:00+00:00,255.3802032470703,255.42999267578125,255.33999633789062,255.41000366210938,22913,Apple,AAPL
705,2024-12-27 19:47:00+00:00,255.3800048828125,255.44000244140625,255.3800048828125,255.38499450683594,54192,Apple,AAPL
706,2024-12-27 19:48:00+00:00,255.4447021484375,255.47999572753906,255.3101043701172,255.3699951171875,33654,Apple,AAPL
707,2024-12-27 19:49:00+00:00,255.38009643554688,255.42999267578125,255.38009643554688,255.4250030517578,15020,Apple,AAPL
708,2024-12-27 19:50:00+00:00,255.33999633789062,255.44000244140625,255.33999633789062,255.3834991455078,20273,Apple,AAPL
709,2024-12-27 19:51:00+00:00,255.32000732421875,255.41799926757812,255.2899932861328,255.33999633789062,23127,Apple,AAPL
710,2024-12-27 19:52:00+00:00,255.36000061035156,255.3800048828125,255.30999755859375,255.32000732421875,13560,Apple,AAPL
711,2024-12-27 19:53:00+00:00,255.36000061035156,255.38999938964844,255.33999633789062,255.35499572753906,22781,Apple,AAPL
712,2024-12-27 19:54:00+00:00,255.3800048828125,255.39999389648438,255.33999633789062,255.38999938964844,11041,Apple,AAPL
713,2024-12-27 19:55:00+00:00,255.48599243164062,255.5,255.33340454101562,255.36500549316406,54182,Apple,AAPL
714,2024-12-27 19:56:00+00:00,255.47000122070312,255.50999450683594,255.4199981689453,255.5,63427,Apple,AAPL
715,2024-12-27 19:57:00+00:00,255.48500061035156,255.55990600585938,255.4700927734375,255.49000549316406,114895,Apple,AAPL
716,2024-12-27 19:58:00+00:00,255.42990112304688,255.52000427246094,255.39999389648438,255.47000122070312,45653,Apple,AAPL
717,2024-12-27 19:59:00+00:00,255.4600067138672,255.47000122070312,255.41000366210938,255.42999267578125,39839,Apple,AAPL
718,2024-12-27 20:00:00+00:00,255.35000610351562,255.4600067138672,255.3300018310547,255.45010375976562,28818,Apple,AAPL
719,2024-12-27 20:01:00+00:00,255.35000610351562,255.38999938964844,255.3300018310547,255.35000610351562,14994,Apple,AAPL
720,2024-12-27 20:02:00+00:00,255.27110290527344,255.35499572753906,255.252197265625,255.3488006591797,22696,Apple,AAPL
721,2024-12-27 20:03:00+00:00,255.1981964111328,255.27999877929688,255.16000366210938,255.25999450683594,65208,Apple,AAPL
722,2024-12-27 20:04:00+00:00,255.25,255.25999450683594,255.13999938964844,255.17999267578125,29843,Apple,AAPL
723,2024-12-27 20:05:00+00:00,255.14999389648438,255.2779998779297,255.1300048828125,255.2449951171875,32615,Apple,AAPL
724,2024-12-27 20:06:00+00:00,255.05999755859375,255.17999267578125,255.05999755859375,255.15750122070312,44162,Apple,AAPL
725,2024-12-27 20:07:00+00:00,255.16000366210938,255.1699981689453,255.0,255.060302734375,59779,Apple,AAPL
726,2024-12-27 20:08:00+00:00,255.27999877929688,255.27999877929688,255.15570068359375,255.1699981689453,37435,Apple,AAPL
727,2024-12-27 20:09:00+00:00,255.2633056640625,255.32000732421875,255.24000549316406,255.27499389648438,39611,Apple,AAPL
728,2024-12-27 20:10:00+00:00,255.10000610351562,255.25999450683594,255.0500030517578,255.24000549316406,45103,Apple,AAPL
729,2024-12-27 20:11:00+00:00,255.04989624023438,255.10000610351562,254.97999572753906,255.10000610351562,44880,Apple,AAPL
730,2024-12-27 20:12:00+00:00,255.03990173339844,255.1300048828125,254.97999572753906,255.0399932861328,78950,Apple,AAPL
731,2024-12-27 20:13:00+00:00,254.99000549316406,255.0699005126953,254.97000122070312,255.03500366210938,86311,Apple,AAPL
732,2024-12-27 20:14:00+00:00,255.02000427246094,255.0399932861328,254.9600067138672,254.99000549316406,106746,Apple,AAPL
733,2024-12-27 20:15:00+00:00,255.0198974609375,255.11000061035156,255.00999450683594,255.02000427246094,43968,Apple,AAPL
734,2024-12-27 20:16:00+00:00,255.0500030517578,255.1699981689453,255.00999450683594,255.00999450683594,47280,Apple,AAPL
735,2024-12-27 20:17:00+00:00,255.01499938964844,255.1300048828125,254.99000549316406,255.05499267578125,54609,Apple,AAPL
736,2024-12-27 20:18:00+00:00,255.04989624023438,255.1199951171875,254.99000549316406,255.01739501953125,58485,Apple,AAPL
737,2024-12-27 20:19:00+00:00,255.0399932861328,255.13499450683594,255.02999877929688,255.03500366210938,37192,Apple,AAPL
738,2024-12-27 20:20:00+00:00,254.99000549316406,255.0800018310547,254.99000549316406,255.0399932861328,47678,Apple,AAPL
739,2024-12-27 20:21:00+00:00,254.99000549316406,255.0399932861328,254.97000122070312,254.99249267578125,71356,Apple,AAPL
740,2024-12-27 20:22:00+00:00,254.99000549316406,255.0500030517578,254.97999572753906,254.99000549316406,54805,Apple,AAPL
741,2024-12-27 20:23:00+00:00,255.05999755859375,255.07000732421875,255.01499938964844,255.01499938964844,51007,Apple,AAPL
742,2024-12-27 20:24:00+00:00,255.06500244140625,255.2100067138672,255.0399932861328,255.07000732421875,62163,Apple,AAPL
743,2024-12-27 20:25:00+00:00,255.11000061035156,255.1699981689453,255.0500030517578,255.06790161132812,42601,Apple,AAPL
744,2024-12-27 20:26:00+00:00,255.08180236816406,255.13999938964844,255.0399932861328,255.11000061035156,36381,Apple,AAPL
745,2024-12-27 20:27:00+00:00,255.05999755859375,255.11000061035156,255.0399932861328,255.07000732421875,39114,Apple,AAPL
746,2024-12-27 20:28:00+00:00,255.1699981689453,255.1699981689453,255.02000427246094,255.06820678710938,50784,Apple,AAPL
747,2024-12-27 20:29:00+00:00,255.1699981689453,255.22000122070312,255.11000061035156,255.16000366210938,39469,Apple,AAPL
748,2024-12-27 20:30:00+00:00,255.0800018310547,255.2100067138672,255.07000732421875,255.1699981689453,63007,Apple,AAPL
749,2024-12-27 20:31:00+00:00,255.0500030517578,255.1300048828125,255.0399932861328,255.08999633789062,66385,Apple,AAPL
750,2024-12-27 20:32:00+00:00,255.125,255.16000366210938,255.0500030517578,255.05999755859375,49883,Apple,AAPL
751,2024-12-27 20:33:00+00:00,255.02349853515625,255.18499755859375,254.97999572753906,255.10499572753906,117074,Apple,AAPL
752,2024-12-27 20:34:00+00:00,255.04989624023438,255.07000732421875,254.97999572753906,255.0399932861328,60026,Apple,AAPL
753,2024-12-27 20:35:00+00:00,255.0,255.035400390625,254.97999572753906,255.02499389648438,53591,Apple,AAPL
754,2024-12-27 20:36:00+00:00,255.05999755859375,255.05999755859375,254.97999572753906,254.9949951171875,111944,Apple,AAPL
755,2024-12-27 20:37:00+00:00,255.00999450683594,255.07000732421875,254.9801025390625,255.06500244140625,61930,Apple,AAPL
756,2024-12-27 20:38:00+00:00,255.0659942626953,255.0800018310547,254.97000122070312,255.0,114069,Apple,AAPL
757,2024-12-27 20:39:00+00:00,255.02029418945312,255.0800018310547,254.99000549316406,255.0500030517578,47277,Apple,AAPL
758,2024-12-27 20:40:00+00:00,255.08999633789062,255.1300048828125,254.97999572753906,255.0399932861328,65468,Apple,AAPL
759,2024-12-27 20:41:00+00:00,255.02000427246094,255.1199951171875,255.02000427246094,255.0802001953125,47313,Apple,AAPL
760,2024-12-27 20:42:00+00:00,254.99000549316406,255.0399932861328,254.9801025390625,255.02999877929688,74310,Apple,AAPL
761,2024-12-27 20:43:00+00:00,254.9980010986328,255.0399932861328,254.97000122070312,255.0,75621,Apple,AAPL
762,2024-12-27 20:44:00+00:00,255.02999877929688,255.02999877929688,254.97999572753906,255.0,128446,Apple,AAPL
763,2024-12-27 20:45:00+00:00,254.97999572753906,255.19000244140625,254.97999572753906,255.02999877929688,103339,Apple,AAPL
764,2024-12-27 20:46:00+00:00,255.02000427246094,255.07400512695312,254.97999572753906,254.98500061035156,71699,Apple,AAPL
765,2024-12-27 20:47:00+00:00,255.1199951171875,255.13999938964844,255.02000427246094,255.02999877929688,64855,Apple,AAPL
766,2024-12-27 20:48:00+00:00,255.27000427246094,255.2799072265625,255.13999938964844,255.13999938964844,88822,Apple,AAPL
767,2024-12-27 20:49:00+00:00,255.25889587402344,255.30999755859375,255.08999633789062,255.25,120592,Apple,AAPL
768,2024-12-27 20:50:00+00:00,255.4499969482422,255.4499969482422,255.25999450683594,255.27000427246094,159256,Apple,AAPL
769,2024-12-27 20:51:00+00:00,255.7100067138672,255.7899932861328,255.42999267578125,255.44000244140625,180255,Apple,AAPL
770,2024-12-27 20:52:00+00:00,255.58999633789062,255.72999572753906,255.49000549316406,255.6999969482422,146987,Apple,AAPL
771,2024-12-27 20:53:00+00:00,255.71499633789062,255.82000732421875,255.58009338378906,255.58999633789062,157311,Apple,AAPL
772,2024-12-27 20:54:00+00:00,255.3800048828125,255.7050018310547,255.11000061035156,255.6999969482422,267742,Apple,AAPL
773,2024-12-27 20:55:00+00:00,255.2949981689453,255.42999267578125,255.05999755859375,255.38999938964844,325253,Apple,AAPL
774,2024-12-27 20:56:00+00:00,255.3000030517578,255.3800048828125,255.16000366210938,255.3000030517578,263907,Apple,AAPL
775,2024-12-27 20:57:00+00:00,255.61000061035156,255.6999969482422,255.3000030517578,255.30999755859375,368902,Apple,AAPL
776,2024-12-27 20:58:00+00:00,255.5850067138672,255.64999389648438,255.50999450683594,255.6199951171875,349276,Apple,AAPL
777,2024-12-27 20:59:00+00:00,255.72000122070312,255.82000732421875,255.5399932861328,255.58999633789062,1465202,Apple,AAPL
